DeviceID,Time,Rotation,Temperature,Vibration,Sound,Faulty
6,2016-01-03 04:52:37,236.8,71.1,284.3,61.4,1
2,2016-07-08 16:11:46,634.5,35.3,157.2,50.2,0
3,2016-11-03 03:26:20,520.9,38.4,155.9,46.1,0
2,2016-02-19 23:16:58,510.1,38.8,107.8,46.1,0
6,2016-01-02 08:05:46,291.7,53.9,255.5,74.1,1
3,2016-01-03 20:17:51,646.9,35.7,198.1,45.6,0
6,2016-01-01 02:22:33,380.5,53.5,244.6,70.8,1
3,2016-10-13 18:52:56,581.1,36.0,133.5,46.6,0
6,2016-01-03 16:38:49,345.0,71.7,304.0,56.4,1
4,2016-10-04 12:42:11,547.2,36.7,196.6,51.7,0
6,2016-01-01 07:22:04,357.2,59.1,316.7,67.9,1
6,2016-01-03 18:08:37,218.9,57.7,236.9,70.2,1
6,2016-01-03 05:40:30,224.6,62.0,314.5,69.3,1
6,2016-01-02 03:41:55,398.0,56.5,307.5,57.4,1
2,2016-10-20 00:09:04,648.0,44.8,122.0,49.1,0
4,2016-05-11 04:49:40,505.8,41.0,173.7,46.8,0
4,2016-11-17 03:21:53,562.0,40.0,104.9,48.0,0
6,2016-01-01 23:13:30,215.1,61.0,254.1,60.4,1
6,2016-01-01 18:51:53,368.3,58.3,215.9,58.0,1
3,2016-04-28 19:59:57,661.0,42.8,122.6,47.7,0
3,2016-07-16 17:02:57,548.6,38.8,109.1,48.8,0
3,2016-10-29 10:36:14,677.3,38.8,141.3,47.7,0
6,2016-01-01 22:32:45,309.6,62.0,275.2,72.0,1
6,2016-01-01 16:07:06,299.4,58.1,312.6,74.1,1
6,2016-01-02 02:54:28,257.6,52.9,267.2,69.0,1
6,2016-01-02 03:01:56,361.9,62.6,210.0,63.2,1
6,2016-01-03 03:52:15,307.8,54.1,292.5,55.9,1
2,2016-06-18 06:59:23,694.7,39.1,185.1,51.4,0
6,2016-01-01 06:21:00,299.2,58.7,303.6,60.6,1
6,2016-01-03 16:45:29,258.0,57.7,221.8,58.5,1
6,2016-01-03 05:33:28,280.1,65.4,254.4,63.3,1
6,2016-01-01 04:31:45,378.5,55.3,285.6,65.7,1
4,2016-10-16 17:27:56,546.9,43.5,191.9,46.6,0
6,2016-01-01 07:11:01,272.9,62.8,242.8,55.7,1
6,2016-01-03 12:03:54,264.3,55.6,217.4,67.7,1
6,2016-01-03 03:14:03,398.7,50.4,273.9,58.8,1
3,2016-06-01 15:59:42,560.0,40.0,141.5,47.8,0
6,2016-01-03 03:18:31,255.1,71.3,302.8,65.5,1
6,2016-01-02 03:02:14,329.6,57.4,258.0,59.2,1
6,2016-01-01 00:44:09,217.5,65.5,218.4,61.6,1
6,2016-01-01 04:47:17,228.6,67.3,306.6,61.6,1
3,2016-01-18 08:01:08,604.5,44.9,111.6,46.7,0
4,2016-11-03 10:31:13,514.0,43.7,167.7,46.4,0
3,2016-01-02 01:26:24,557.9,40.7,124.7,50.9,0
6,2016-01-02 16:13:44,298.7,54.5,248.2,69.6,1
6,2016-01-03 20:02:36,358.0,71.5,316.5,69.9,1
2,2016-02-04 18:00:19,678.3,37.5,115.0,47.4,0
2,2016-02-01 03:31:17,591.6,44.0,122.2,46.2,0
6,2016-01-01 05:36:21,383.2,53.6,253.7,72.1,1
4,2016-08-28 03:16:45,627.3,36.4,166.4,51.3,0
3,2016-07-05 03:29:24,563.4,35.3,110.1,50.9,0
6,2016-01-02 00:11:20,340.5,59.9,229.3,57.6,1
6,2016-01-02 19:42:46,380.2,68.6,275.6,70.5,1
6,2016-01-03 23:39:19,218.6,54.3,241.3,72.9,1
6,2016-01-02 15:15:36,229.4,67.1,233.8,57.4,1
3,2016-11-09 20:33:48,558.0,37.2,115.4,48.2,0
4,2016-06-07 08:18:32,610.1,40.9,126.7,48.2,0
6,2016-01-01 07:07:50,215.2,65.1,309.1,69.5,1
6,2016-01-03 16:48:49,321.5,68.1,261.4,69.2,1
6,2016-01-02 12:24:18,229.2,70.3,215.7,72.8,1
3,2016-10-19 00:40:21,548.2,41.2,156.6,46.2,0
3,2016-01-28 15:39:28,695.9,36.3,196.0,47.7,0
2,2016-10-20 08:40:18,590.7,37.0,174.7,46.7,0
6,2016-01-03 14:25:35,296.0,63.8,301.6,68.3,1
2,2016-08-13 20:49:30,520.1,37.1,138.1,52.0,0
4,2016-10-07 07:09:01,576.2,43.7,185.1,51.4,0
6,2016-01-02 00:20:47,322.5,62.5,274.9,73.9,1
3,2016-08-29 10:49:54,629.4,35.7,191.9,49.0,0
6,2016-01-02 16:45:56,363.6,55.8,236.3,72.6,1
6,2016-01-02 19:04:05,329.3,71.5,249.6,71.7,1
3,2016-03-27 08:46:55,596.7,43.4,165.2,49.1,0
3,2016-12-18 17:44:09,552.0,38.8,138.8,47.5,0
2,2016-09-09 21:33:39,607.8,41.8,195.8,50.1,0
6,2016-01-02 14:49:13,359.0,67.6,286.6,72.0,1
4,2016-07-02 02:29:57,585.8,42.0,182.7,45.9,0
6,2016-01-01 10:41:25,372.9,67.5,277.2,71.4,1
2,2016-10-15 10:21:08,631.9,39.0,145.4,46.4,0
4,2016-05-15 08:23:42,697.7,44.0,176.7,48.8,0
6,2016-01-03 16:06:17,287.1,51.9,312.5,58.6,1
3,2016-09-08 16:33:58,584.9,36.8,132.7,50.9,0
4,2016-03-26 18:22:27,551.3,40.1,123.4,49.1,0
3,2016-02-02 16:41:17,545.6,44.7,160.8,50.3,0
6,2016-01-03 14:56:34,228.1,51.4,311.1,63.9,1
3,2016-11-05 16:35:00,516.9,37.9,149.2,48.5,0
6,2016-01-03 03:25:39,235.8,53.4,295.2,56.3,1
6,2016-01-03 09:50:01,283.6,58.0,295.0,61.3,1
6,2016-01-02 15:01:57,303.6,71.1,302.1,66.4,1
3,2016-04-03 04:44:48,572.5,42.1,149.7,50.0,0
3,2016-09-03 08:14:53,699.5,40.9,181.1,50.6,0
6,2016-01-03 16:30:36,398.1,50.0,285.3,72.5,1
4,2016-06-28 14:20:03,546.6,35.8,121.5,49.7,0
2,2016-03-05 06:48:50,537.5,38.0,133.2,45.2,0
3,2016-03-26 11:25:33,629.2,39.8,156.3,51.1,0
6,2016-01-01 12:53:39,380.9,53.0,224.9,55.2,1
6,2016-01-02 23:03:29,226.8,47.9,217.7,72.8,1
4,2016-02-28 09:34:42,584.5,41.6,144.5,51.4,0
4,2016-01-13 03:12:26,556.3,37.5,144.2,46.7,0
6,2016-01-03 17:26:26,326.0,64.5,231.3,61.0,1
3,2016-01-26 06:01:53,539.2,41.4,134.2,48.6,0
4,2016-01-08 06:59:28,556.2,39.2,119.0,50.2,0
6,2016-01-01 19:27:31,329.1,56.7,282.1,73.6,1
3,2016-04-28 18:34:10,649.0,36.8,166.3,45.2,0
4,2016-07-16 20:32:59,611.0,44.6,193.4,48.0,0
6,2016-01-01 21:34:53,232.8,58.2,269.6,68.6,1
6,2016-01-02 22:55:05,243.1,69.5,222.8,71.1,1
6,2016-01-01 02:09:47,283.6,65.2,310.8,63.1,1
6,2016-01-02 11:19:55,216.5,66.1,216.9,56.3,1
3,2016-02-25 04:29:08,651.1,44.1,104.2,47.2,0
6,2016-01-02 18:01:42,228.5,50.0,262.8,69.0,1
6,2016-01-01 21:05:39,277.0,47.9,213.4,67.5,1
6,2016-01-03 10:11:12,225.0,54.4,239.0,61.9,1
6,2016-01-02 07:22:13,231.8,70.8,233.6,61.4,1
6,2016-01-03 18:37:47,398.1,65.7,298.5,65.0,1
6,2016-01-01 20:53:07,296.7,60.8,281.2,72.3,1
4,2016-03-07 13:36:55,638.7,37.6,169.9,48.8,0
6,2016-01-02 06:29:44,374.3,66.3,264.2,61.3,1
3,2016-09-25 02:45:58,612.6,35.3,195.6,48.8,0
2,2016-03-12 17:15:34,502.9,40.7,173.8,45.1,0
6,2016-01-01 19:33:21,377.5,54.6,277.3,58.9,1
6,2016-01-01 09:35:52,388.2,54.2,229.5,60.0,1
2,2016-11-21 21:34:35,515.4,40.9,167.5,50.1,0
4,2016-03-18 20:59:41,554.5,40.3,131.7,49.8,0
4,2016-12-16 14:11:44,625.6,41.9,169.8,45.8,0
2,2016-03-31 16:05:15,696.9,35.6,144.2,51.1,0
6,2016-01-02 18:37:38,322.8,58.0,229.7,73.0,1
3,2016-10-17 17:42:59,548.7,38.5,178.4,47.3,0
6,2016-01-01 11:54:29,379.8,62.6,262.0,59.2,1
4,2016-03-11 16:26:33,571.7,39.3,144.5,48.8,0
6,2016-01-01 04:45:37,378.1,69.4,299.6,62.8,1
6,2016-01-02 09:13:27,255.9,69.7,240.8,74.5,1
4,2016-10-06 02:38:12,510.0,43.5,106.9,50.1,0
6,2016-01-01 15:44:36,252.6,50.5,246.7,70.1,1
4,2016-03-14 13:54:56,668.0,40.8,144.2,47.1,0
2,2016-07-04 05:08:22,568.1,36.7,182.7,49.5,0
6,2016-01-02 13:30:18,375.4,70.4,317.5,56.4,1
6,2016-01-02 22:07:15,272.7,71.0,256.1,70.6,1
6,2016-01-01 18:29:14,369.0,60.9,276.8,71.3,1
6,2016-01-02 21:49:09,392.6,63.1,236.4,58.2,1
3,2016-02-14 12:42:31,688.5,40.9,154.7,49.9,0
4,2016-12-03 20:00:38,669.4,43.1,176.9,49.3,0
6,2016-01-01 11:43:42,251.3,69.6,227.6,58.3,1
4,2016-01-05 11:23:16,554.6,42.4,175.3,50.7,0
4,2016-09-04 13:20:16,632.9,38.7,172.3,50.7,0
4,2016-10-28 19:20:26,673.4,43.5,190.1,50.5,0
6,2016-01-03 20:19:51,344.9,59.7,247.4,59.7,1
2,2016-06-26 08:00:52,657.4,43.3,180.2,49.5,0
2,2016-12-11 08:16:32,546.6,43.7,143.0,50.8,0
6,2016-01-02 23:41:01,312.2,62.2,256.1,69.2,1
6,2016-01-02 05:59:03,394.7,59.5,216.0,66.0,1
6,2016-01-03 22:19:23,395.5,55.8,262.1,61.9,1
6,2016-01-02 13:13:41,218.6,48.7,247.3,65.3,1
4,2016-03-30 06:05:54,601.9,43.7,157.2,51.2,0
6,2016-01-03 18:20:46,287.5,54.6,296.5,71.1,1
4,2016-01-11 21:28:05,681.1,40.1,103.9,48.6,0
6,2016-01-03 11:38:02,371.2,48.8,213.2,62.3,1
4,2016-01-10 03:14:21,536.6,45.0,102.4,47.3,0
4,2016-08-21 00:01:27,501.2,40.4,147.3,45.5,0
3,2016-07-28 14:37:43,516.1,44.8,172.6,50.1,0
2,2016-05-07 17:43:36,638.9,41.6,144.2,48.7,0
4,2016-08-14 03:12:24,589.2,43.5,159.8,47.2,0
6,2016-01-01 12:03:40,350.2,69.0,245.3,66.0,1
4,2016-04-10 17:53:01,651.8,35.8,106.0,51.2,0
6,2016-01-03 17:27:02,217.8,63.6,228.9,73.8,1
2,2016-08-15 16:30:33,512.1,36.2,188.1,46.0,0
3,2016-05-29 16:04:47,509.3,40.2,199.1,49.7,0
6,2016-01-02 06:24:43,290.0,70.3,293.7,68.4,1
4,2016-12-29 11:13:00,612.3,36.1,166.8,47.0,0
3,2016-10-14 06:25:52,603.2,40.7,149.5,50.0,0
3,2016-02-20 23:11:02,576.6,43.6,111.4,48.6,0
3,2016-04-28 01:24:46,665.6,36.9,193.4,50.0,0
6,2016-01-03 17:30:38,257.4,64.0,254.8,59.4,1
6,2016-01-01 22:14:00,329.7,56.9,270.1,67.3,1
6,2016-01-01 13:36:44,303.7,51.9,308.7,66.4,1
3,2016-07-02 09:52:13,694.8,38.2,147.3,50.6,0
4,2016-01-10 11:25:23,528.7,36.8,135.0,47.8,0
4,2016-12-25 04:57:10,614.3,40.2,124.4,49.9,0
4,2016-03-31 15:17:32,563.8,37.0,135.2,51.9,0
6,2016-01-03 17:55:47,314.7,68.1,319.2,61.7,1
3,2016-08-02 00:35:19,626.9,36.2,125.7,45.7,0
6,2016-01-03 19:08:35,260.8,71.0,305.6,66.7,1
3,2016-02-06 00:45:46,614.0,38.7,136.0,47.1,0
2,2016-07-14 05:54:35,638.7,36.7,142.3,51.4,0
6,2016-01-02 11:54:59,298.3,69.7,273.5,61.1,1
6,2016-01-01 09:55:09,343.1,52.6,241.3,66.2,1
4,2016-09-17 13:24:32,518.1,41.5,110.9,47.0,0
6,2016-01-01 21:33:36,223.1,49.3,299.1,73.0,1
6,2016-01-02 03:09:38,308.4,70.5,215.8,69.6,1
4,2016-06-23 12:38:39,699.5,43.0,100.3,50.2,0
6,2016-01-02 07:17:01,329.3,47.6,229.5,74.6,1
6,2016-01-03 08:38:34,276.6,55.3,230.5,71.2,1
6,2016-01-02 19:37:28,218.8,65.2,232.3,70.8,1
4,2016-10-09 14:07:19,512.4,36.0,119.5,47.2,0
6,2016-01-03 02:36:51,357.2,47.7,277.3,65.4,1
2,2016-01-03 06:02:45,674.9,42.1,153.2,48.3,0
3,2016-08-16 00:15:20,658.5,35.9,105.6,47.6,0
4,2016-11-05 21:43:37,639.7,43.9,103.5,46.7,0
4,2016-02-01 23:13:14,653.1,43.0,115.2,52.0,0
6,2016-01-02 14:29:53,396.0,55.7,256.7,59.1,1
3,2016-02-19 02:25:31,690.3,39.3,188.2,47.4,0
4,2016-04-22 10:21:18,506.5,39.7,187.7,50.3,0
6,2016-01-01 19:01:32,349.1,65.9,254.2,69.0,1
6,2016-01-02 01:55:28,303.3,68.4,301.9,61.0,1
6,2016-01-03 06:14:45,311.3,59.4,235.0,63.4,1
4,2016-10-11 02:33:12,537.4,40.0,107.5,51.3,0
3,2016-10-15 04:03:19,542.7,37.5,141.4,49.2,0
4,2016-03-30 07:48:10,670.3,37.3,161.5,49.0,0
4,2016-06-01 22:39:40,566.7,44.2,176.7,47.1,0
6,2016-01-01 16:22:29,303.1,59.2,278.2,65.4,1
2,2016-04-07 11:14:39,640.8,41.2,150.7,48.0,0
4,2016-10-04 05:24:32,520.0,35.2,181.6,47.5,0
4,2016-01-05 00:12:22,577.3,35.9,123.6,45.9,0
4,2016-09-19 03:07:19,641.7,42.9,194.2,47.6,0
3,2016-06-23 03:06:00,599.9,37.8,199.9,50.7,0
2,2016-07-17 00:53:05,669.9,35.7,162.5,45.8,0
6,2016-01-01 09:14:46,235.7,63.3,224.4,59.7,1
2,2016-04-03 01:00:20,564.2,36.9,186.0,51.2,0
6,2016-01-03 13:41:33,338.0,62.6,298.2,73.5,1
6,2016-01-03 21:53:03,215.1,58.0,287.1,64.0,1
3,2016-07-01 04:12:30,585.1,36.4,122.5,50.6,0
3,2016-07-13 03:51:59,537.3,37.9,152.3,48.5,0
6,2016-01-01 02:44:02,364.6,49.0,263.3,69.5,1
4,2016-07-12 16:38:35,504.2,37.0,189.9,51.3,0
2,2016-04-28 10:37:02,696.7,41.6,113.6,48.9,0
4,2016-04-12 11:20:19,589.1,35.5,138.3,50.0,0
3,2016-06-06 13:12:55,634.3,37.5,130.0,45.5,0
4,2016-12-28 12:02:30,684.4,43.0,190.2,49.4,0
6,2016-01-03 00:18:54,345.0,66.3,259.2,68.6,1
2,2016-04-20 09:40:54,567.9,43.2,153.9,45.5,0
3,2016-05-21 17:10:41,521.5,39.9,117.1,51.3,0
4,2016-05-02 06:21:35,582.7,35.8,180.7,51.6,0
2,2016-09-12 21:00:10,686.5,40.7,187.7,47.4,0
2,2016-12-09 08:24:40,518.4,37.0,154.2,45.1,0
4,2016-09-12 19:43:16,641.8,38.3,173.1,47.4,0
3,2016-08-05 11:47:38,524.4,35.7,175.4,50.6,0
4,2016-06-01 13:44:14,685.8,37.5,186.4,50.0,0
6,2016-01-01 07:40:55,325.6,56.9,251.3,61.9,1
6,2016-01-02 17:11:12,262.8,65.1,244.8,65.6,1
6,2016-01-01 22:03:16,354.2,53.8,249.9,62.6,1
6,2016-01-01 03:38:45,290.1,52.8,257.8,67.6,1
6,2016-01-03 14:27:52,312.4,59.9,247.5,72.9,1
6,2016-01-01 07:15:22,305.5,53.0,253.6,68.1,1
6,2016-01-03 08:09:42,367.2,59.8,259.7,68.2,1
6,2016-01-03 10:54:13,317.7,49.3,272.6,60.4,1
3,2016-12-28 13:44:33,561.4,40.4,159.8,51.4,0
6,2016-01-01 01:15:18,364.6,69.8,233.5,69.1,1
6,2016-01-01 16:59:07,301.2,51.5,245.2,66.0,1
6,2016-01-02 15:01:12,357.9,47.0,289.8,64.6,1
3,2016-04-15 10:33:42,616.4,39.0,180.0,50.4,0
6,2016-01-03 03:57:58,286.8,65.3,248.1,68.5,1
6,2016-01-02 07:20:59,386.1,60.8,252.1,73.9,1
3,2016-05-03 04:52:46,667.3,39.8,114.3,47.8,0
6,2016-01-02 05:16:20,219.2,67.5,319.2,74.4,1
6,2016-01-03 09:27:56,275.2,58.5,261.5,67.6,1
3,2016-08-31 15:01:34,569.1,42.0,169.0,45.7,0
6,2016-01-01 15:13:08,273.2,49.0,270.7,72.2,1
4,2016-12-07 18:56:05,529.5,43.8,159.5,49.5,0
3,2016-08-23 00:21:46,659.1,37.4,181.9,49.1,0
6,2016-01-01 16:59:24,374.9,68.2,255.3,55.2,1
3,2016-04-18 04:18:47,661.9,37.7,104.7,45.3,0
6,2016-01-01 03:20:45,353.7,56.9,259.1,59.3,1
2,2016-07-11 19:00:52,631.9,38.5,183.1,48.4,0
6,2016-01-01 04:13:44,391.9,60.8,280.0,61.4,1
3,2016-10-09 06:29:08,603.5,44.2,164.1,46.6,0
6,2016-01-02 01:38:26,322.4,48.0,314.9,67.2,1
6,2016-01-03 11:14:59,240.8,49.9,310.6,55.3,1
4,2016-01-21 09:38:28,523.7,43.3,146.2,50.5,0
2,2016-10-08 09:21:32,571.4,41.8,162.4,46.2,0
3,2016-01-05 08:51:54,555.9,43.6,183.6,51.2,0
4,2016-08-22 01:02:35,655.4,39.4,157.9,45.1,0
4,2016-07-24 09:50:15,561.9,40.9,173.5,48.3,0
4,2016-09-17 08:46:28,540.8,43.5,124.7,50.8,0
6,2016-01-01 07:16:29,350.5,68.3,266.0,71.0,1
6,2016-01-01 19:59:47,370.8,58.3,268.2,66.3,1
6,2016-01-03 06:33:18,271.1,70.1,313.6,68.3,1
4,2016-03-17 05:47:24,692.4,42.5,108.7,49.4,0
6,2016-01-02 08:32:43,364.1,59.9,232.6,72.9,1
4,2016-06-12 06:24:13,530.0,38.3,151.0,46.1,0
3,2016-11-16 04:09:49,649.3,36.2,180.4,49.6,0
2,2016-02-20 09:08:33,561.0,41.0,123.4,49.5,0
4,2016-10-03 23:48:26,585.2,42.7,147.3,48.0,0
4,2016-12-29 11:47:17,621.0,43.4,179.7,45.8,0
6,2016-01-03 03:58:18,296.4,71.3,306.8,67.1,1
6,2016-01-03 13:22:25,263.7,55.8,293.0,57.1,1
6,2016-01-03 04:54:31,215.9,67.6,317.3,61.4,1
2,2016-08-13 14:59:46,546.4,42.5,129.4,45.7,0
6,2016-01-01 05:46:26,331.8,70.9,216.1,59.2,1
6,2016-01-01 06:26:30,270.7,69.3,268.4,63.4,1
6,2016-01-02 04:25:18,208.6,67.9,262.1,62.9,1
3,2016-07-16 21:41:43,515.2,40.6,133.2,45.1,0
6,2016-01-02 07:36:13,283.4,49.6,213.6,70.0,1
6,2016-01-02 17:15:49,241.1,51.5,285.1,57.0,1
6,2016-01-03 08:49:59,268.7,47.4,215.3,65.9,1
6,2016-01-03 17:41:48,370.6,54.2,300.4,55.6,1
6,2016-01-03 21:19:36,207.3,63.2,284.1,56.3,1
4,2016-04-22 11:37:20,566.7,38.6,117.2,50.0,0
6,2016-01-01 20:32:31,373.2,66.1,314.4,57.1,1
3,2016-12-25 04:48:42,600.5,37.9,190.6,46.1,0
6,2016-01-03 05:53:58,283.4,55.9,308.8,60.2,1
3,2016-05-22 17:15:24,669.7,43.2,161.8,48.3,0
2,2016-06-07 03:42:36,512.9,37.0,126.4,50.3,0
6,2016-01-03 04:54:36,212.1,66.0,275.2,68.3,1
4,2016-02-29 12:22:53,674.2,37.6,161.7,51.5,0
6,2016-01-01 13:34:43,352.0,51.4,246.8,72.2,1
4,2016-01-12 23:41:28,548.4,41.2,185.3,48.6,0
6,2016-01-03 01:25:34,294.3,54.8,251.5,58.8,1
4,2016-11-27 06:45:05,570.8,35.7,109.5,50.6,0
6,2016-01-02 21:50:43,366.4,48.8,241.6,56.2,1
6,2016-01-03 19:01:55,281.1,61.2,260.1,64.4,1
3,2016-08-30 10:53:36,506.3,39.4,184.8,47.1,0
6,2016-01-02 22:07:03,234.0,66.4,232.2,73.5,1
6,2016-01-02 18:37:15,216.5,52.2,213.9,74.9,1
6,2016-01-03 09:34:52,340.3,54.1,265.3,59.5,1
6,2016-01-03 18:31:43,268.6,51.5,220.1,62.0,1
3,2016-10-27 12:33:31,628.1,35.9,154.0,47.3,0
6,2016-01-02 17:57:28,331.1,59.0,301.8,66.7,1
4,2016-06-13 23:01:11,677.1,39.9,138.8,50.1,0
3,2016-05-21 03:27:26,604.9,41.1,185.5,49.8,0
4,2016-05-16 07:48:18,676.5,42.5,154.1,48.5,0
2,2016-03-31 17:48:34,635.6,37.6,174.3,51.1,0
6,2016-01-01 17:03:56,255.4,56.7,258.8,60.0,1
6,2016-01-03 06:57:34,268.6,68.6,262.0,68.6,1
4,2016-11-08 02:42:04,524.9,37.7,163.5,49.8,0
6,2016-01-03 16:17:00,318.1,67.8,261.7,72.6,1
6,2016-01-01 16:42:47,239.6,68.6,220.4,63.6,1
6,2016-01-03 09:19:56,286.8,56.1,239.5,64.2,1
3,2016-11-24 10:18:17,585.8,43.9,109.1,50.5,0
4,2016-12-08 13:15:21,584.0,39.6,165.8,48.1,0
4,2016-07-17 08:56:45,596.2,42.0,182.7,47.8,0
6,2016-01-01 20:38:31,256.1,64.4,229.1,73.7,1
3,2016-02-17 11:01:29,520.5,37.6,178.2,45.5,0
4,2016-11-02 21:05:22,518.1,41.8,153.0,51.1,0
6,2016-01-03 01:11:00,274.1,66.5,212.6,70.4,1
6,2016-01-03 02:57:44,209.7,57.1,316.5,58.4,1
6,2016-01-01 20:53:48,320.5,56.1,255.1,70.2,1
6,2016-01-03 17:50:46,269.4,67.9,270.9,55.4,1
6,2016-01-03 08:33:54,238.4,49.3,275.4,58.6,1
4,2016-05-22 21:29:58,547.3,42.6,157.1,45.5,0
6,2016-01-02 18:01:33,374.1,67.2,291.5,56.1,1
6,2016-01-03 02:18:02,223.0,71.6,215.8,71.5,1
6,2016-01-01 05:44:18,233.4,62.2,214.1,73.4,1
4,2016-07-09 07:21:41,581.0,41.9,164.2,48.8,0
4,2016-08-18 14:58:18,616.9,44.7,101.2,46.5,0
4,2016-07-28 04:25:20,592.8,43.0,176.2,45.2,0
3,2016-03-24 10:31:45,687.5,37.6,172.5,51.9,0
2,2016-09-01 20:58:34,518.1,42.5,169.8,51.9,0
2,2016-09-23 06:00:18,672.5,36.1,166.8,45.5,0
6,2016-01-01 18:04:32,306.5,67.3,317.7,68.0,1
2,2016-02-06 12:56:58,598.5,41.2,185.4,49.9,0
6,2016-01-02 03:14:24,243.6,69.3,284.2,56.0,1
6,2016-01-01 11:09:48,202.4,65.6,257.7,63.7,1
3,2016-01-27 03:16:57,638.1,38.3,145.1,46.6,0
6,2016-01-03 18:41:19,286.1,68.6,301.4,72.2,1
3,2016-03-26 18:40:39,691.4,44.3,187.6,45.2,0
6,2016-01-02 15:21:07,312.4,64.5,285.2,64.8,1
2,2016-06-23 09:07:31,580.6,41.5,110.3,51.1,0
6,2016-01-03 07:29:25,258.1,48.7,262.6,62.4,1
6,2016-01-02 12:54:52,216.9,62.4,301.8,67.8,1
4,2016-02-05 21:38:42,654.4,43.4,164.6,49.4,0
3,2016-09-18 06:53:46,556.3,37.8,150.0,50.0,0
6,2016-01-02 15:32:01,253.7,51.4,244.0,60.3,1
6,2016-01-01 08:40:34,214.9,54.0,319.5,73.4,1
3,2016-05-17 00:54:55,682.4,38.3,121.2,48.6,0
6,2016-01-03 16:49:22,201.2,59.4,316.5,73.5,1
6,2016-01-03 02:35:25,330.3,53.0,274.4,58.6,1
4,2016-11-19 11:33:06,667.3,41.7,181.7,48.4,0
4,2016-01-25 15:16:56,630.4,42.3,170.7,46.3,0
6,2016-01-02 20:17:52,257.4,52.2,290.1,71.6,1
6,2016-01-03 21:02:40,380.6,66.1,304.7,70.2,1
6,2016-01-01 00:05:17,216.5,71.4,317.4,69.6,1
6,2016-01-01 19:02:04,273.0,55.9,212.3,59.5,1
6,2016-01-03 17:15:24,293.1,51.7,246.1,59.7,1
6,2016-01-01 02:07:05,256.2,70.5,262.4,55.9,1
2,2016-10-04 16:10:33,572.2,42.0,146.1,49.6,0
2,2016-08-17 03:04:55,688.9,45.0,188.5,48.8,0
6,2016-01-02 23:16:18,374.0,69.5,212.7,74.3,1
4,2016-10-09 23:15:59,641.6,44.1,160.2,51.4,0
6,2016-01-01 12:24:18,369.5,69.2,217.5,58.3,1
6,2016-01-02 22:40:44,303.5,60.5,264.1,74.2,1
2,2016-02-09 17:08:45,669.8,35.6,196.6,49.8,0
6,2016-01-02 18:03:46,395.2,66.7,240.0,57.3,1
6,2016-01-03 00:52:50,233.1,65.3,302.2,73.3,1
6,2016-01-02 01:08:37,386.1,65.5,290.1,70.5,1
2,2016-01-29 07:28:05,670.4,39.2,170.8,51.7,0
3,2016-03-15 06:33:46,620.0,43.6,124.6,46.2,0
3,2016-01-19 12:34:33,631.7,39.9,100.9,46.2,0
6,2016-01-01 13:53:01,324.8,70.0,265.0,58.9,1
3,2016-05-24 01:47:07,603.9,35.8,101.6,47.6,0
4,2016-10-13 10:47:24,692.3,37.7,161.9,51.0,0
6,2016-01-02 23:22:46,314.6,64.9,319.0,59.2,1
6,2016-01-03 10:16:42,315.6,47.8,217.2,69.7,1
6,2016-01-01 14:22:06,337.9,71.2,289.6,72.6,1
6,2016-01-03 19:43:48,357.7,66.6,239.5,68.0,1
6,2016-01-01 15:19:11,353.5,60.7,292.3,70.2,1
2,2016-11-04 03:14:05,518.8,40.3,179.9,50.3,0
2,2016-07-29 13:25:01,571.3,42.7,132.4,46.6,0
4,2016-05-16 22:32:09,503.1,36.0,124.6,48.4,0
2,2016-02-13 21:39:05,623.8,36.8,162.0,47.8,0
6,2016-01-03 11:21:14,377.8,64.9,307.6,57.7,1
4,2016-12-15 16:41:07,549.3,36.6,115.8,51.1,0
3,2016-04-24 18:55:40,680.6,45.0,171.7,51.6,0
3,2016-10-13 06:30:16,549.6,42.3,181.2,48.5,0
2,2016-03-18 01:22:05,697.4,35.7,109.6,47.9,0
6,2016-01-03 22:53:26,358.2,53.4,299.8,68.7,1
3,2016-01-19 17:27:49,691.1,42.1,149.9,46.7,0
6,2016-01-02 03:31:23,321.5,53.8,279.3,58.1,1
6,2016-01-03 07:52:01,235.1,67.5,213.7,70.1,1
6,2016-01-01 08:08:06,388.5,52.6,297.7,56.5,1
6,2016-01-02 03:50:49,358.7,63.6,281.2,70.7,1
6,2016-01-03 16:41:40,313.9,51.4,255.6,57.9,1
2,2016-06-21 02:16:06,612.0,37.3,159.3,49.1,0
2,2016-05-31 12:13:27,578.6,43.8,194.1,50.3,0
4,2016-03-01 18:56:08,556.7,38.7,158.0,45.3,0
3,2016-02-29 16:27:04,684.3,43.3,195.8,49.1,0
6,2016-01-02 08:28:36,329.1,49.6,254.3,63.3,1
2,2016-10-17 07:41:16,525.5,38.1,144.0,48.1,0
6,2016-01-02 06:56:32,366.2,59.2,298.3,71.6,1
2,2016-01-12 06:24:37,683.1,37.5,173.0,45.9,0
6,2016-01-03 15:38:40,317.7,68.0,273.2,70.9,1
6,2016-01-03 16:37:31,380.2,59.3,215.7,70.8,1
2,2016-04-26 01:43:51,689.4,43.9,140.8,48.8,0
4,2016-04-11 16:12:51,554.4,41.0,132.9,51.8,0
6,2016-01-02 13:15:09,351.8,47.8,248.3,66.9,1
4,2016-01-13 07:46:59,596.6,39.6,113.8,51.0,0
6,2016-01-01 03:30:04,359.5,50.2,248.5,57.8,1
6,2016-01-03 15:49:48,385.0,50.3,229.9,66.0,1
4,2016-12-23 06:31:28,521.8,39.6,173.0,49.7,0
6,2016-01-03 11:19:59,362.8,63.7,224.7,58.7,1
6,2016-01-02 08:34:28,282.9,65.2,293.5,73.8,1
6,2016-01-02 05:09:48,365.0,65.5,293.8,59.7,1
2,2016-06-01 03:35:31,614.0,40.9,151.7,51.4,0
6,2016-01-01 18:51:09,362.3,66.0,210.9,58.2,1
6,2016-01-03 19:47:48,269.3,62.8,307.8,57.5,1
6,2016-01-03 18:51:22,302.1,61.0,224.0,67.5,1
3,2016-02-16 06:44:52,691.1,36.7,122.7,47.1,0
6,2016-01-03 18:59:43,349.3,68.8,238.1,61.9,1
6,2016-01-02 04:40:00,241.7,60.0,246.0,59.4,1
2,2016-06-08 10:13:55,554.7,37.2,176.3,47.0,0
4,2016-03-22 08:44:36,619.5,38.8,140.4,47.3,0
3,2016-06-03 19:10:02,502.8,42.3,158.0,46.2,0
6,2016-01-01 21:11:32,305.9,53.7,262.5,55.9,1
4,2016-06-19 06:14:01,621.8,41.0,186.7,51.1,0
2,2016-01-05 13:28:09,515.4,44.4,140.4,49.0,0
4,2016-10-17 12:18:40,680.8,38.4,112.2,47.6,0
6,2016-01-02 10:43:09,210.3,60.0,226.6,63.1,1
6,2016-01-03 14:06:37,291.2,48.5,313.9,59.7,1
6,2016-01-01 19:42:14,290.9,60.8,210.1,73.7,1
6,2016-01-03 03:14:18,289.2,66.9,222.7,64.0,1
6,2016-01-02 16:53:37,354.6,70.0,278.1,60.5,1
6,2016-01-02 16:45:30,254.3,50.8,274.9,60.1,1
2,2016-07-02 05:31:56,623.6,44.3,144.4,48.9,0
6,2016-01-02 09:48:32,304.3,47.8,318.6,56.5,1
3,2016-07-21 20:09:10,555.2,36.2,166.4,45.3,0
6,2016-01-02 17:55:07,299.3,68.8,299.8,56.8,1
6,2016-01-03 23:18:59,367.2,62.1,276.1,58.3,1
6,2016-01-01 20:40:10,391.0,63.0,223.6,56.4,1
6,2016-01-03 11:12:40,374.4,57.9,282.0,70.0,1
4,2016-03-16 15:05:30,581.9,38.4,115.9,51.2,0
6,2016-01-02 21:04:01,291.4,63.3,235.3,73.7,1
3,2016-11-22 05:41:27,532.4,41.1,154.0,46.6,0
6,2016-01-02 10:03:04,321.8,64.5,254.9,64.9,1
3,2016-07-08 02:27:45,671.9,38.3,136.8,48.6,0
2,2016-06-09 22:25:36,529.0,37.8,193.2,46.0,0
3,2016-06-27 06:32:05,564.1,44.9,108.1,51.3,0
6,2016-01-01 05:19:00,210.2,66.7,292.9,63.6,1
6,2016-01-02 23:25:00,273.8,51.3,299.8,67.0,1
4,2016-08-22 10:08:05,668.4,39.8,157.3,47.3,0
6,2016-01-03 23:53:12,218.7,47.9,277.4,59.6,1
3,2016-08-18 20:54:52,500.2,35.0,191.3,48.9,0
4,2016-02-18 08:09:28,585.5,40.2,106.7,50.0,0
3,2016-01-25 05:56:14,528.9,44.9,125.8,46.3,0
3,2016-09-30 05:45:12,631.4,40.1,102.0,50.0,0
6,2016-01-02 19:20:15,315.5,51.9,273.6,69.0,1
2,2016-08-02 15:16:15,576.2,37.2,174.6,49.1,0
6,2016-01-01 10:46:26,320.3,57.5,231.4,55.6,1
6,2016-01-01 22:00:23,316.1,59.3,285.9,58.0,1
2,2016-06-22 00:46:29,540.5,40.1,117.1,51.1,0
6,2016-01-01 05:58:29,230.5,54.1,289.6,57.2,1
6,2016-01-01 03:32:44,363.5,49.1,311.7,66.9,1
6,2016-01-01 02:54:50,356.0,64.3,267.5,63.1,1
6,2016-01-03 00:45:47,263.0,60.1,230.3,72.5,1
6,2016-01-03 15:17:13,246.1,55.8,240.7,71.2,1
3,2016-12-07 08:26:59,571.1,36.8,137.2,49.9,0
6,2016-01-01 23:39:50,215.6,54.8,266.4,55.5,1
6,2016-01-03 10:04:25,356.9,57.3,246.5,55.7,1
6,2016-01-01 01:03:15,307.9,61.8,303.4,60.4,1
6,2016-01-02 05:16:28,393.0,60.4,275.3,71.0,1
2,2016-07-15 13:00:35,564.0,39.2,140.3,46.9,0
2,2016-11-12 04:29:13,601.1,40.7,125.1,49.9,0
3,2016-04-02 16:15:52,501.2,38.2,118.2,45.0,0
6,2016-01-02 00:13:05,226.4,59.4,273.7,74.8,1
6,2016-01-02 10:11:05,387.1,61.8,229.8,67.8,1
3,2016-10-04 05:30:25,646.5,37.0,136.1,46.9,0
2,2016-07-30 03:11:45,564.9,41.3,195.6,50.8,0
4,2016-10-06 23:47:01,570.1,36.9,178.2,52.0,0
3,2016-08-16 05:19:37,613.4,36.1,196.1,49.1,0
6,2016-01-03 02:31:28,353.7,48.4,221.6,68.5,1
2,2016-03-02 09:45:39,584.7,38.0,130.4,49.6,0
4,2016-04-13 18:07:25,671.5,43.2,192.3,45.6,0
6,2016-01-02 07:32:42,396.6,64.0,276.6,60.3,1
6,2016-01-03 12:41:54,272.2,49.9,263.3,61.5,1
4,2016-05-27 17:40:37,612.1,40.3,117.1,48.1,0
6,2016-01-03 17:56:02,307.6,59.8,277.1,56.0,1
6,2016-01-01 10:13:54,207.2,65.2,239.4,56.7,1
2,2016-08-18 23:46:30,680.2,40.4,141.2,48.8,0
4,2016-01-11 10:07:18,651.3,42.6,110.2,51.0,0
3,2016-01-01 10:06:02,555.6,43.0,156.5,48.9,0
6,2016-01-02 22:25:37,298.2,58.8,293.9,63.0,1
6,2016-01-03 03:45:52,230.4,71.0,301.0,55.0,1
6,2016-01-03 15:38:30,258.4,65.0,271.7,55.3,1
6,2016-01-02 16:14:33,305.9,51.7,311.9,68.6,1
6,2016-01-03 13:17:35,319.0,67.3,243.9,71.1,1
2,2016-07-11 02:09:56,613.4,42.2,166.4,48.4,0
4,2016-04-16 18:02:49,649.5,39.3,193.1,46.6,0
4,2016-03-11 16:04:26,556.7,37.8,137.5,51.2,0
4,2016-08-01 22:27:42,682.8,36.6,135.5,50.5,0
3,2016-06-10 15:26:12,561.6,37.6,164.8,46.8,0
2,2016-05-18 06:56:16,652.9,40.9,109.3,46.9,0
6,2016-01-03 00:04:00,283.6,62.6,257.0,62.7,1
3,2016-09-11 04:17:23,561.3,37.3,168.8,47.5,0
4,2016-04-15 18:31:23,592.8,35.8,155.5,45.0,0
3,2016-11-10 11:44:01,684.2,42.9,107.1,48.5,0
6,2016-01-03 08:13:38,275.0,63.5,220.4,55.7,1
3,2016-08-05 21:22:39,589.6,41.2,134.0,51.9,0
2,2016-04-02 05:50:59,670.7,35.1,161.0,45.1,0
6,2016-01-01 01:08:16,377.3,71.9,316.4,66.2,1
6,2016-01-02 14:21:13,229.7,63.7,297.2,68.7,1
6,2016-01-02 15:59:29,380.2,71.4,245.1,60.9,1
3,2016-01-28 00:21:07,543.2,35.7,151.8,46.6,0
4,2016-07-27 09:06:09,633.5,35.3,199.3,50.9,0
4,2016-07-14 05:16:38,588.4,36.9,168.0,49.0,0
3,2016-10-07 09:54:17,507.2,43.4,158.4,47.6,0
6,2016-01-01 14:21:46,278.0,54.8,230.4,74.5,1
4,2016-05-15 15:28:23,635.2,36.9,160.5,50.8,0
3,2016-09-20 02:33:14,659.8,44.1,159.9,45.4,0
6,2016-01-02 22:41:33,206.0,53.8,276.1,74.6,1
4,2016-06-21 07:25:20,610.1,36.7,155.9,46.4,0
4,2016-10-15 11:05:19,617.3,37.0,148.1,48.6,0
3,2016-02-27 23:11:05,539.1,44.2,173.0,51.1,0
6,2016-01-03 11:53:20,263.2,62.5,298.7,60.3,1
6,2016-01-02 13:21:50,278.5,56.3,255.4,71.0,1
6,2016-01-01 06:22:30,346.3,69.7,213.7,61.4,1
2,2016-02-25 07:46:53,573.2,38.4,179.8,45.0,0
3,2016-10-25 21:05:35,612.1,40.7,191.1,47.0,0
6,2016-01-01 06:09:27,243.7,48.0,283.3,62.4,1
3,2016-10-16 15:18:04,582.0,36.3,138.8,46.5,0
3,2016-09-20 13:10:26,635.5,41.5,150.3,50.1,0
6,2016-01-03 01:52:55,321.3,49.0,267.6,69.1,1
3,2016-10-16 17:21:04,517.9,39.7,160.2,50.3,0
6,2016-01-02 19:35:22,328.7,69.7,240.4,71.7,1
6,2016-01-01 08:16:51,230.4,69.0,296.5,55.6,1
4,2016-04-10 00:26:27,515.5,43.6,175.5,47.8,0
6,2016-01-03 05:12:12,229.1,52.0,221.3,68.5,1
6,2016-01-01 14:51:59,396.6,53.5,298.6,65.7,1
3,2016-10-31 03:24:55,689.1,43.6,150.6,48.5,0
6,2016-01-03 08:46:08,201.4,56.9,255.8,71.0,1
6,2016-01-02 11:13:03,295.2,71.8,289.3,59.7,1
3,2016-04-17 13:51:08,698.1,44.7,183.1,45.6,0
6,2016-01-02 09:10:35,304.4,60.8,246.8,60.8,1
2,2016-09-23 14:36:39,635.6,38.8,182.9,48.3,0
3,2016-03-15 22:37:58,548.1,38.6,146.4,48.8,0
2,2016-04-23 03:27:17,550.5,44.9,161.3,52.0,0
6,2016-01-03 11:54:39,362.2,65.2,262.5,71.5,1
6,2016-01-02 22:35:57,234.8,70.9,307.1,72.5,1
6,2016-01-02 09:55:48,379.0,64.4,244.8,68.3,1
3,2016-06-25 21:50:57,589.7,38.7,152.0,47.9,0
4,2016-09-05 02:50:10,510.7,37.8,191.5,47.5,0
4,2016-09-20 04:37:30,606.9,41.6,161.0,49.5,0
6,2016-01-03 17:12:16,311.7,55.7,289.5,60.7,1
6,2016-01-03 16:08:34,211.4,71.2,316.2,72.0,1
6,2016-01-01 06:55:13,328.9,63.4,221.5,68.9,1
3,2016-09-27 17:40:58,663.7,40.2,170.6,45.6,0
6,2016-01-02 17:11:34,393.2,56.9,288.5,74.8,1
6,2016-01-02 14:46:24,319.1,64.5,317.2,71.5,1
4,2016-10-09 05:10:31,513.9,41.3,111.2,49.2,0
3,2016-03-23 16:25:27,569.3,38.1,128.3,46.8,0
3,2016-05-13 15:23:37,591.0,39.6,152.4,46.9,0
6,2016-01-02 16:00:44,282.7,63.4,277.4,66.2,1
6,2016-01-02 06:46:59,349.6,57.7,292.8,74.4,1
6,2016-01-01 13:35:36,288.1,61.9,290.0,57.3,1
6,2016-01-03 16:09:41,209.0,61.9,239.1,61.7,1
2,2016-08-13 14:26:50,675.2,38.9,182.2,50.9,0
2,2016-05-12 17:28:27,538.9,37.0,146.7,46.6,0
4,2016-02-12 23:27:08,542.4,35.6,185.9,45.2,0
6,2016-01-03 14:18:11,256.2,71.4,295.8,56.3,1
4,2016-05-25 03:49:14,537.2,40.0,146.0,49.0,0
2,2016-03-19 07:12:11,693.0,35.3,142.5,51.9,0
4,2016-01-30 05:44:46,526.0,38.5,155.0,47.0,0
2,2016-08-26 08:55:22,654.7,35.1,199.9,48.4,0
6,2016-01-03 18:18:13,286.9,68.8,262.2,71.1,1
6,2016-01-03 15:41:46,319.4,47.3,304.9,66.7,1
6,2016-01-02 19:58:15,333.8,49.7,272.9,57.8,1
3,2016-01-27 03:17:00,570.9,40.6,103.6,46.0,0
6,2016-01-03 09:25:09,275.5,64.6,230.6,73.3,1
6,2016-01-01 02:19:07,220.3,63.2,279.0,67.5,1
6,2016-01-02 04:20:11,327.9,64.5,302.5,63.8,1
3,2016-10-25 02:56:11,681.9,35.9,108.2,47.6,0
2,2016-02-03 05:23:23,521.6,44.0,185.5,48.4,0
2,2016-06-08 22:38:28,533.9,42.3,172.2,47.3,0
4,2016-10-08 20:02:22,506.0,44.9,122.8,50.9,0
6,2016-01-03 17:29:49,354.7,55.0,275.8,56.7,1
4,2016-03-21 01:53:06,640.2,36.4,176.5,50.0,0
2,2016-10-02 10:31:23,537.3,35.1,148.1,50.1,0
4,2016-12-20 01:58:48,506.9,35.9,115.9,51.6,0
4,2016-12-13 12:09:30,605.3,40.6,121.2,46.3,0
6,2016-01-02 19:07:41,364.9,66.4,309.7,65.9,1
6,2016-01-03 13:19:25,261.7,70.7,264.3,57.9,1
3,2016-03-26 15:23:32,571.7,43.0,100.9,46.5,0
2,2016-04-28 04:29:06,654.4,35.2,180.4,45.3,0
2,2016-03-03 08:50:34,598.1,44.1,102.0,45.1,0
2,2016-11-11 06:03:58,618.8,40.0,190.7,49.6,0
6,2016-01-03 07:43:26,285.3,53.5,239.3,68.1,1
3,2016-10-10 02:41:49,506.9,36.1,141.4,47.0,0
6,2016-01-01 19:42:52,385.3,54.8,299.0,68.3,1
2,2016-06-10 06:58:25,504.6,39.2,111.5,50.1,0
2,2016-08-21 14:18:43,561.8,44.0,171.9,49.7,0
6,2016-01-01 00:48:07,260.4,66.9,258.5,70.4,1
4,2016-08-11 17:05:21,698.0,36.9,174.1,50.2,0
3,2016-12-27 04:46:05,570.8,40.4,148.0,50.4,0
2,2016-12-23 18:38:26,543.7,37.3,163.7,51.6,0
6,2016-01-02 12:11:08,351.9,69.6,317.2,72.0,1
6,2016-01-01 18:06:39,249.9,62.1,275.3,71.6,1
4,2016-04-06 09:44:46,604.4,40.8,127.8,49.3,0
6,2016-01-03 23:16:33,233.4,56.7,319.6,74.2,1
2,2016-06-26 21:58:03,549.0,35.3,132.5,48.0,0
3,2016-01-19 06:35:01,509.1,35.7,177.6,50.1,0
3,2016-08-03 15:08:06,653.8,41.4,165.2,45.8,0
2,2016-09-21 05:33:25,532.2,43.6,157.5,46.0,0
3,2016-01-07 19:14:51,540.4,42.7,148.0,49.5,0
6,2016-01-01 15:15:24,389.2,57.5,294.6,67.9,1
4,2016-08-21 11:23:20,519.2,37.2,124.3,49.0,0
4,2016-03-28 18:35:25,626.2,44.7,151.2,49.0,0
6,2016-01-02 16:06:30,398.4,57.6,318.7,67.9,1
2,2016-11-06 15:05:42,633.2,44.7,166.6,45.5,0
6,2016-01-01 20:46:00,267.0,57.8,317.5,73.6,1
4,2016-01-09 19:06:22,514.2,41.7,139.8,46.1,0
3,2016-03-16 11:44:22,501.2,38.0,173.0,47.4,0
3,2016-01-20 20:34:15,684.3,39.3,129.8,45.7,0
6,2016-01-02 14:52:59,389.3,67.2,306.8,56.5,1
6,2016-01-03 07:18:14,377.5,52.3,216.7,63.0,1
4,2016-06-24 15:12:30,615.0,42.2,172.8,47.2,0
6,2016-01-02 17:30:01,248.4,62.0,260.0,71.4,1
4,2016-11-19 20:14:37,692.0,38.3,140.0,50.8,0
4,2016-07-02 02:59:09,512.2,40.1,150.0,48.2,0
2,2016-05-21 16:38:21,692.6,43.4,190.3,49.0,0
3,2016-12-18 13:16:30,646.2,39.9,130.3,50.8,0
6,2016-01-01 01:38:26,332.1,55.1,285.8,58.2,1
4,2016-05-10 10:58:39,536.2,36.1,190.3,46.7,0
6,2016-01-02 14:44:33,336.3,59.8,256.6,68.1,1
4,2016-07-02 05:34:52,593.8,37.4,130.4,46.2,0
3,2016-06-28 10:11:27,628.4,44.1,193.4,46.1,0
4,2016-08-30 06:30:57,602.3,44.2,186.3,51.7,0
3,2016-01-19 17:24:45,658.5,44.2,176.6,51.3,0
4,2016-06-30 14:37:16,508.5,40.4,166.0,51.1,0
3,2016-05-25 05:05:34,563.5,35.2,118.7,50.3,0
6,2016-01-03 14:20:41,287.6,64.4,244.4,72.1,1
4,2016-09-08 14:17:45,541.0,37.5,146.7,46.8,0
2,2016-02-15 09:55:37,515.1,37.1,136.7,47.4,0
6,2016-01-01 22:19:00,370.5,62.8,256.8,63.0,1
6,2016-01-01 10:16:45,284.5,64.8,293.3,66.4,1
6,2016-01-02 02:41:37,378.4,62.7,216.3,59.8,1
4,2016-12-17 08:14:33,523.9,36.0,157.0,45.5,0
4,2016-10-26 05:29:16,527.5,35.3,112.2,45.6,0
4,2016-07-29 20:32:37,554.6,42.5,140.2,47.1,0
6,2016-01-01 05:33:39,259.4,56.8,276.5,74.4,1
2,2016-06-04 19:58:35,518.5,35.1,158.5,47.2,0
6,2016-01-03 04:09:53,360.6,49.8,247.3,60.6,1
6,2016-01-02 11:18:34,283.0,58.7,294.2,64.5,1
6,2016-01-02 14:34:31,245.2,58.4,272.6,61.5,1
3,2016-07-10 23:18:36,668.2,37.8,142.0,45.0,0
2,2016-07-26 01:29:28,584.9,43.8,125.5,49.5,0
6,2016-01-01 14:06:02,277.3,53.3,237.6,67.4,1
2,2016-08-24 22:43:28,502.3,40.0,153.3,51.3,0
2,2016-07-09 05:38:59,686.2,40.2,194.9,51.6,0
2,2016-11-06 14:46:47,552.5,43.9,197.6,48.2,0
6,2016-01-03 10:36:47,212.7,57.9,217.3,63.0,1
6,2016-01-02 12:05:31,352.5,58.3,221.0,64.1,1
6,2016-01-01 06:49:16,218.7,57.1,300.9,61.2,1
6,2016-01-03 00:01:44,396.1,70.1,257.4,63.7,1
4,2016-07-15 11:50:31,604.2,42.2,133.3,50.4,0
6,2016-01-02 21:39:04,340.5,57.2,223.1,58.8,1
2,2016-03-25 16:26:40,674.6,42.7,132.0,49.0,0
4,2016-02-04 18:41:20,563.0,35.3,116.7,50.6,0
2,2016-05-31 08:54:28,580.9,37.2,198.6,50.9,0
6,2016-01-02 12:05:45,250.0,69.1,301.4,58.5,1
6,2016-01-02 07:56:45,328.0,61.4,248.9,59.2,1
2,2016-08-23 01:33:23,653.3,41.4,132.1,47.2,0
3,2016-09-21 05:26:29,617.9,43.2,136.8,47.7,0
6,2016-01-01 14:45:59,230.3,49.9,280.5,74.8,1
3,2016-10-12 13:49:40,601.5,39.0,167.3,45.8,0
6,2016-01-01 07:43:01,345.8,67.4,273.9,70.9,1
6,2016-01-01 21:45:50,220.4,51.0,235.5,55.2,1
2,2016-06-22 21:34:46,698.8,42.6,146.5,50.2,0
3,2016-09-23 04:04:17,554.0,42.6,113.1,49.8,0
6,2016-01-03 14:41:16,334.2,59.2,282.2,66.4,1
6,2016-01-03 02:50:33,240.8,66.4,248.6,61.0,1
2,2016-03-22 06:16:33,679.4,42.7,123.5,45.5,0
2,2016-05-31 06:20:32,675.0,44.1,185.8,49.4,0
4,2016-03-30 01:21:57,672.3,37.9,139.5,51.2,0
3,2016-04-08 09:11:30,599.0,38.6,132.4,50.6,0
3,2016-01-05 05:12:09,630.7,44.1,165.1,49.9,0
4,2016-06-22 09:46:58,590.0,38.1,195.0,45.2,0
2,2016-12-06 23:07:05,513.9,36.9,164.3,47.7,0
2,2016-01-08 00:58:49,518.8,39.1,114.4,48.9,0
6,2016-01-03 06:08:47,339.9,62.9,305.7,68.3,1
2,2016-12-30 18:35:13,544.8,35.6,118.4,46.1,0
6,2016-01-01 00:45:45,381.9,64.2,262.9,59.7,1
6,2016-01-03 07:35:06,381.3,69.5,292.8,56.1,1
6,2016-01-03 10:29:56,216.7,55.4,319.1,66.6,1
6,2016-01-03 10:39:00,257.3,63.0,291.2,66.5,1
6,2016-01-02 08:53:46,225.3,54.4,235.6,73.3,1
3,2016-01-14 18:23:55,611.7,41.3,169.5,45.6,0
3,2016-03-31 10:16:27,662.8,36.1,136.5,50.8,0
6,2016-01-03 08:47:50,204.7,61.5,279.6,66.9,1
6,2016-01-03 01:32:36,210.1,48.4,231.6,68.3,1
2,2016-10-05 16:55:16,668.2,42.6,169.2,49.6,0
2,2016-08-29 23:06:06,685.6,37.2,116.0,51.1,0
6,2016-01-02 01:54:10,263.7,48.0,255.3,63.6,1
4,2016-07-16 09:53:10,620.7,36.9,142.9,49.8,0
2,2016-03-04 09:13:37,568.4,38.6,193.4,49.8,0
3,2016-09-18 23:23:13,677.5,41.0,152.0,45.4,0
6,2016-01-03 07:02:47,237.4,70.2,317.6,58.2,1
3,2016-11-30 16:28:20,608.6,42.0,185.4,47.2,0
4,2016-04-17 01:00:59,673.0,43.6,134.5,46.2,0
3,2016-06-20 22:32:08,577.6,39.1,157.2,49.9,0
6,2016-01-02 07:59:58,331.7,47.6,296.4,61.2,1
2,2016-09-01 06:12:40,631.8,38.9,199.7,49.4,0
4,2016-07-21 03:10:21,514.1,42.2,147.0,51.5,0
4,2016-11-05 07:31:17,599.1,41.2,160.6,47.4,0
6,2016-01-02 03:28:07,268.2,62.5,312.2,56.5,1
3,2016-04-28 17:25:46,539.2,43.0,126.7,51.4,0
4,2016-02-29 10:42:52,546.9,40.4,156.4,50.3,0
6,2016-01-01 10:19:42,230.5,47.6,227.9,59.6,1
3,2016-01-28 19:26:48,662.8,39.6,135.6,50.4,0
6,2016-01-01 06:55:58,326.8,49.7,230.5,60.3,1
6,2016-01-02 14:23:21,309.4,58.6,297.4,66.0,1
2,2016-01-25 03:13:59,588.7,39.9,106.6,45.9,0
3,2016-07-03 18:52:47,561.2,42.2,162.8,51.3,0
2,2016-03-04 11:36:03,617.5,44.9,168.9,48.1,0
6,2016-01-01 00:22:48,257.1,71.7,233.9,55.5,1
2,2016-01-01 14:45:30,500.0,44.9,153.0,49.9,0
6,2016-01-02 08:23:54,327.3,47.6,294.6,56.2,1
6,2016-01-01 20:03:56,263.4,53.1,302.9,65.2,1
2,2016-05-21 09:28:22,692.2,35.6,182.8,46.3,0
6,2016-01-02 14:32:54,221.5,67.6,278.8,66.7,1
3,2016-06-09 23:50:12,632.6,44.7,137.7,51.6,0
4,2016-10-23 02:47:34,651.0,44.2,103.7,51.0,0
3,2016-10-29 02:02:53,548.4,37.7,189.5,50.6,0
6,2016-01-02 09:22:42,351.8,52.5,260.7,69.0,1
6,2016-01-01 01:07:51,366.7,55.0,304.3,60.4,1
3,2016-05-11 10:37:21,535.6,44.9,177.3,45.3,0
3,2016-05-10 15:03:17,540.8,38.7,100.3,49.9,0
2,2016-05-25 20:45:47,522.3,39.4,158.3,47.7,0
6,2016-01-01 19:19:22,329.3,58.7,251.9,71.6,1
6,2016-01-01 22:07:29,299.1,54.5,283.2,55.8,1
2,2016-01-03 09:39:19,513.3,35.7,177.7,47.6,0
2,2016-10-23 17:31:22,555.3,36.7,159.6,45.4,0
6,2016-01-03 06:15:15,334.2,47.7,230.6,57.9,1
2,2016-01-01 00:10:21,615.5,43.9,167.2,46.5,0
6,2016-01-03 09:52:27,331.3,48.7,217.6,65.0,1
6,2016-01-02 11:20:20,276.9,58.0,248.5,61.1,1
6,2016-01-01 06:18:49,297.6,51.4,296.7,70.3,1
3,2016-03-11 03:47:42,618.3,38.7,147.2,47.5,0
6,2016-01-03 07:28:15,272.3,54.0,296.8,64.8,1
3,2016-12-28 19:19:38,636.3,37.4,168.1,51.2,0
4,2016-11-05 00:51:53,666.6,39.1,157.2,48.1,0
6,2016-01-03 07:52:01,274.5,50.2,210.9,56.9,1
4,2016-12-09 22:22:45,536.5,36.5,169.2,46.5,0
2,2016-04-22 12:43:56,674.9,44.5,163.1,46.5,0
4,2016-10-01 18:57:02,595.9,36.6,177.8,50.8,0
4,2016-01-30 12:41:21,605.5,38.0,114.8,45.2,0
6,2016-01-02 13:34:30,360.8,67.2,259.1,69.9,1
6,2016-01-03 20:19:40,394.7,56.1,211.6,63.0,1
3,2016-05-20 01:41:24,520.9,36.2,154.5,48.8,0
4,2016-01-15 16:39:48,535.0,40.7,186.0,51.5,0
2,2016-01-17 14:31:20,699.5,35.3,155.7,46.9,0
2,2016-03-08 17:57:29,501.6,43.8,145.9,46.9,0
4,2016-08-08 22:30:46,510.1,39.9,164.5,49.2,0
6,2016-01-02 11:13:52,311.7,62.2,313.6,58.3,1
6,2016-01-01 23:41:28,367.2,69.8,256.1,69.0,1
6,2016-01-01 11:11:28,361.4,61.7,253.9,58.1,1
2,2016-11-25 05:01:43,644.6,39.4,149.4,48.8,0
6,2016-01-03 13:50:04,314.1,50.8,264.0,56.0,1
2,2016-09-22 17:58:46,652.9,38.9,134.3,46.2,0
4,2016-10-30 02:23:38,614.1,36.7,170.8,50.8,0
4,2016-08-03 09:01:41,577.9,40.2,184.5,51.4,0
3,2016-01-25 04:51:15,641.7,39.1,108.2,48.5,0
2,2016-06-24 15:43:32,557.0,38.2,163.1,45.2,0
6,2016-01-03 15:34:37,361.0,58.2,294.1,63.4,1
6,2016-01-03 08:25:12,232.6,65.0,311.9,65.7,1
3,2016-02-29 13:24:30,591.4,41.2,170.0,49.4,0
6,2016-01-01 08:53:52,244.5,58.0,305.7,58.9,1
2,2016-06-06 15:37:16,699.5,42.4,176.6,47.2,0
6,2016-01-02 10:30:18,268.7,57.9,213.4,60.4,1
6,2016-01-01 23:35:00,301.2,70.4,217.5,73.0,1
6,2016-01-03 21:14:40,203.4,60.5,259.4,74.4,1
2,2016-06-01 22:37:23,668.6,38.8,128.9,49.1,0
6,2016-01-01 12:40:05,349.8,53.1,218.1,72.5,1
2,2016-05-24 00:53:32,507.0,38.6,101.6,47.6,0
4,2016-11-15 07:34:11,587.0,38.7,189.5,49.9,0
3,2016-08-03 00:50:45,511.7,39.0,102.5,48.0,0
2,2016-11-12 16:54:40,501.1,41.7,121.5,48.9,0
4,2016-09-23 15:51:24,608.2,35.3,168.0,46.9,0
2,2016-02-11 16:21:43,673.9,43.4,147.5,47.5,0
6,2016-01-03 16:54:23,347.4,50.5,285.5,62.9,1
6,2016-01-03 05:52:34,361.0,47.5,307.0,57.6,1
2,2016-11-07 15:51:38,612.9,39.7,142.3,51.6,0
3,2016-05-09 21:24:22,652.8,36.3,190.8,45.8,0
3,2016-09-09 14:00:42,591.9,38.5,110.7,48.8,0
6,2016-01-01 15:57:23,360.5,48.8,283.4,69.6,1
6,2016-01-03 07:33:23,328.4,53.8,275.6,57.0,1
6,2016-01-01 00:55:48,269.8,60.1,212.6,73.7,1
6,2016-01-02 13:53:13,254.9,54.8,226.0,61.2,1
2,2016-11-25 09:27:15,619.7,40.8,197.4,45.7,0
6,2016-01-02 15:19:23,362.3,58.1,308.0,55.9,1
3,2016-09-30 00:41:14,546.3,41.9,158.6,49.1,0
6,2016-01-03 06:45:14,201.5,57.3,235.1,63.7,1
6,2016-01-02 21:40:58,375.5,53.4,266.0,60.8,1
6,2016-01-03 11:42:31,225.5,68.4,266.0,68.6,1
2,2016-12-09 14:13:31,600.1,37.1,168.4,47.1,0
6,2016-01-02 11:27:34,315.1,62.4,241.4,70.0,1
2,2016-07-08 13:21:39,549.3,36.0,186.4,47.0,0
3,2016-08-02 21:49:47,555.4,44.3,186.6,45.1,0
6,2016-01-01 18:59:23,377.5,62.6,254.2,68.5,1
3,2016-01-11 10:59:31,623.3,38.3,145.8,50.1,0
2,2016-07-22 03:25:24,672.5,44.4,140.2,46.1,0
4,2016-07-08 00:27:04,546.4,35.6,149.6,50.8,0
4,2016-04-16 14:38:49,563.5,42.2,191.3,49.1,0
6,2016-01-03 13:17:51,391.8,52.1,220.9,67.9,1
4,2016-08-31 21:15:06,631.5,37.1,109.4,51.3,0
4,2016-04-16 22:11:59,627.9,36.9,187.4,52.0,0
2,2016-09-08 11:49:40,569.2,41.0,108.2,51.3,0
2,2016-07-17 00:55:10,603.2,42.0,149.1,50.3,0
6,2016-01-03 12:33:21,365.9,56.4,218.5,56.3,1
2,2016-08-07 22:30:55,644.4,42.2,151.3,46.4,0
6,2016-01-01 03:54:28,258.1,61.4,315.2,61.5,1
6,2016-01-02 20:28:20,328.6,67.2,271.4,69.1,1
2,2016-12-14 06:45:17,630.3,44.9,196.9,48.9,0
3,2016-11-29 10:33:25,556.7,40.7,192.3,49.5,0
3,2016-04-13 05:20:48,640.7,40.4,173.6,49.9,0
2,2016-11-18 18:22:26,617.6,35.0,170.1,47.1,0
3,2016-04-18 09:31:32,648.7,36.0,136.9,49.1,0
4,2016-11-25 16:05:05,695.4,37.8,153.8,50.1,0
2,2016-04-14 08:36:01,644.0,41.8,128.3,45.3,0
6,2016-01-02 17:45:10,336.9,47.5,218.6,57.1,1
4,2016-11-04 07:45:06,609.4,40.7,169.4,49.5,0
6,2016-01-01 13:01:55,300.2,62.5,295.4,63.0,1
6,2016-01-03 02:47:03,203.0,53.3,283.6,62.6,1
6,2016-01-01 06:23:37,249.0,65.5,283.4,71.5,1
6,2016-01-02 14:03:06,205.6,71.7,303.6,69.0,1
6,2016-01-02 11:50:35,223.3,67.9,210.4,70.4,1
4,2016-06-30 18:03:45,638.6,39.8,188.6,46.9,0
2,2016-11-27 13:55:15,638.7,37.6,139.0,50.4,0
6,2016-01-02 09:11:36,367.0,52.5,271.7,58.8,1
6,2016-01-02 02:00:23,364.2,64.3,319.2,70.6,1
4,2016-07-17 10:44:27,621.2,44.4,174.1,48.2,0
6,2016-01-02 05:30:03,381.0,51.4,237.5,65.4,1
3,2016-07-01 16:16:31,630.5,43.9,142.6,48.1,0
6,2016-01-03 11:22:33,333.9,67.3,305.2,74.8,1
2,2016-09-28 11:54:08,540.1,38.8,105.1,46.9,0
6,2016-01-01 00:27:11,332.4,66.4,278.3,66.4,1
6,2016-01-03 22:20:23,374.2,51.1,253.4,74.4,1
6,2016-01-02 07:04:27,313.6,55.7,286.3,57.6,1
3,2016-03-14 00:26:28,696.0,45.0,116.9,47.0,0
3,2016-10-26 10:59:41,548.9,35.2,109.1,46.1,0
4,2016-09-21 14:22:47,548.7,44.3,116.9,47.4,0
3,2016-01-01 08:09:50,674.1,38.9,185.6,48.9,0
2,2016-05-16 03:16:58,567.1,40.0,161.8,48.6,0
3,2016-10-25 21:39:07,645.0,40.4,117.5,51.7,0
6,2016-01-01 20:30:41,349.9,71.6,297.0,67.8,1
6,2016-01-02 10:41:30,269.6,51.0,263.8,68.5,1
6,2016-01-01 04:43:08,322.4,49.3,287.9,69.5,1
2,2016-10-05 10:37:45,510.3,38.0,160.7,51.7,0
6,2016-01-02 21:43:11,275.0,70.6,305.4,58.4,1
6,2016-01-02 02:57:38,372.8,68.2,314.0,63.8,1
4,2016-09-27 01:10:34,555.3,36.6,135.1,48.2,0
6,2016-01-02 00:51:02,203.5,63.4,215.5,62.2,1
4,2016-05-11 20:17:02,591.5,35.3,109.9,50.8,0
6,2016-01-02 10:12:47,205.9,70.6,210.2,66.2,1
2,2016-05-16 06:32:28,610.0,43.6,191.7,49.9,0
6,2016-01-01 04:10:06,370.2,63.4,215.3,64.4,1
2,2016-08-05 18:54:47,539.4,40.9,189.8,46.3,0
3,2016-04-18 23:50:03,652.2,44.0,136.0,47.5,0
3,2016-03-29 18:39:44,529.6,44.4,109.1,50.4,0
4,2016-12-01 21:44:33,681.3,43.3,161.0,50.4,0
6,2016-01-01 22:51:45,325.6,65.7,285.5,63.2,1
4,2016-12-16 13:57:28,500.2,39.5,169.0,51.9,0
4,2016-10-08 21:33:21,594.0,44.9,117.7,49.5,0
6,2016-01-02 08:01:54,304.1,66.3,314.8,58.2,1
3,2016-09-10 14:33:13,501.9,42.8,120.8,48.5,0
4,2016-07-04 06:57:18,514.4,35.4,192.4,49.7,0
4,2016-10-27 21:47:58,649.4,42.0,187.3,45.5,0
4,2016-09-19 12:43:26,508.2,43.9,120.2,45.4,0
6,2016-01-01 11:07:38,249.0,66.9,297.6,61.4,1
6,2016-01-01 13:26:47,341.5,57.0,245.1,60.1,1
4,2016-08-29 20:00:43,609.1,35.5,168.5,46.3,0
3,2016-07-01 09:25:34,661.2,38.2,162.1,52.0,0
6,2016-01-02 23:36:29,354.5,63.4,236.4,63.8,1
6,2016-01-03 18:03:52,342.3,54.2,214.5,66.3,1
4,2016-07-26 13:53:20,664.8,35.3,195.0,45.6,0
6,2016-01-02 12:44:47,329.6,71.0,292.5,55.4,1
3,2016-07-01 08:18:33,539.3,44.4,121.0,51.8,0
2,2016-03-29 01:37:31,653.9,44.5,188.4,49.7,0
4,2016-04-08 04:16:46,653.7,35.4,198.6,46.9,0
2,2016-03-28 11:59:27,524.7,40.7,186.1,45.2,0
3,2016-06-02 00:50:53,603.5,38.8,189.7,48.4,0
6,2016-01-02 13:56:32,266.7,71.5,212.2,55.5,1
6,2016-01-03 11:05:28,372.7,69.8,242.8,68.5,1
6,2016-01-02 16:38:28,280.0,64.0,268.9,74.1,1
4,2016-04-08 08:50:41,547.8,35.9,191.6,45.7,0
6,2016-01-02 00:27:54,203.6,48.0,281.7,66.9,1
6,2016-01-02 19:49:32,227.8,53.7,287.6,56.8,1
6,2016-01-01 14:37:49,295.3,66.9,264.9,69.8,1
6,2016-01-01 18:56:11,311.4,48.1,266.0,67.3,1
6,2016-01-02 18:08:43,314.1,53.6,214.3,56.8,1
6,2016-01-02 11:59:30,251.7,55.5,259.0,72.5,1
6,2016-01-03 23:15:44,330.9,71.3,227.9,74.1,1
6,2016-01-03 05:01:24,231.2,68.4,249.2,57.4,1
6,2016-01-01 19:11:12,234.4,49.8,246.3,74.1,1
4,2016-11-03 20:55:31,534.2,40.1,192.5,48.1,0
6,2016-01-01 02:58:53,272.0,55.3,310.8,67.4,1
4,2016-03-16 03:01:27,666.5,39.0,186.0,47.8,0
6,2016-01-03 01:50:55,228.7,67.6,315.5,74.4,1
6,2016-01-02 19:45:21,288.0,70.3,305.9,56.0,1
6,2016-01-03 14:54:07,364.1,57.2,239.8,56.3,1
2,2016-07-25 15:02:08,565.7,39.4,102.7,51.0,0
4,2016-09-05 15:05:25,686.4,38.2,147.0,47.8,0
6,2016-01-02 16:29:52,246.0,55.3,317.4,55.1,1
6,2016-01-01 00:06:13,245.7,64.0,279.0,55.9,1
6,2016-01-03 05:55:36,385.4,50.7,287.0,69.9,1
6,2016-01-02 19:20:06,214.3,54.1,246.6,71.3,1
6,2016-01-01 07:11:56,358.6,54.6,234.9,72.0,1
2,2016-10-23 20:29:36,608.4,40.7,180.4,45.7,0
6,2016-01-01 07:16:19,316.0,56.3,292.6,67.3,1
3,2016-05-12 06:07:37,593.7,41.5,100.0,48.8,0
4,2016-10-10 15:13:26,586.1,43.1,176.4,49.6,0
6,2016-01-01 04:30:31,354.3,59.8,282.8,66.2,1
3,2016-09-08 18:50:50,588.6,42.3,124.6,50.6,0
6,2016-01-03 02:38:20,385.4,52.1,219.4,68.1,1
6,2016-01-03 08:24:14,396.7,49.6,219.9,61.0,1
6,2016-01-02 20:58:17,249.1,56.6,299.2,60.9,1
6,2016-01-01 12:32:45,340.2,52.8,314.6,72.6,1
3,2016-08-14 16:32:22,510.3,38.8,138.8,45.3,0
4,2016-10-28 02:40:25,646.3,42.2,159.4,45.2,0
4,2016-07-16 00:01:26,550.8,38.9,194.8,48.5,0
2,2016-03-04 03:21:45,565.2,38.4,174.2,48.6,0
4,2016-08-27 21:55:49,619.7,36.2,127.9,46.2,0
6,2016-01-02 01:12:38,373.7,60.7,224.7,72.0,1
6,2016-01-02 00:20:31,388.3,66.2,251.2,57.2,1
2,2016-01-27 16:44:39,694.7,36.5,182.3,46.0,0
6,2016-01-03 16:50:38,271.0,66.9,309.0,65.3,1
6,2016-01-03 04:00:30,290.1,60.2,265.9,57.5,1
6,2016-01-01 14:55:22,256.6,49.0,306.1,74.5,1
4,2016-02-22 04:12:24,650.3,43.8,101.2,50.0,0
6,2016-01-02 07:27:22,351.8,69.3,223.1,62.5,1
4,2016-09-04 23:00:00,657.2,37.8,173.3,51.6,0
2,2016-12-12 17:28:24,674.3,37.6,171.2,50.4,0
2,2016-09-19 14:17:59,568.5,42.3,161.7,46.2,0
3,2016-06-21 02:43:29,509.1,43.0,128.7,47.7,0
6,2016-01-01 16:09:35,338.1,58.1,316.3,67.2,1
6,2016-01-02 19:12:25,355.9,65.1,283.1,66.6,1
4,2016-01-13 02:13:21,582.9,44.8,109.7,46.9,0
4,2016-10-02 15:19:49,578.7,37.4,129.2,49.2,0
6,2016-01-03 00:00:51,367.6,50.4,300.4,57.5,1
6,2016-01-02 08:49:03,346.8,68.7,254.0,55.1,1
6,2016-01-01 02:34:37,201.1,61.1,237.3,62.5,1
3,2016-04-11 22:43:36,514.3,43.0,196.7,47.9,0
6,2016-01-03 10:28:08,253.5,62.7,298.9,67.5,1
4,2016-08-09 19:01:31,528.5,36.5,142.9,49.9,0
4,2016-12-17 15:11:12,553.1,45.0,112.1,48.4,0
6,2016-01-03 08:06:39,394.6,54.4,257.2,60.7,1
6,2016-01-02 19:37:30,386.6,64.1,232.4,59.9,1
6,2016-01-03 13:08:10,310.4,62.1,244.9,67.5,1
6,2016-01-02 08:43:57,266.5,51.0,212.6,69.8,1
2,2016-01-07 10:14:42,645.1,41.9,103.0,46.0,0
4,2016-09-29 05:47:56,552.8,36.6,179.1,45.9,0
2,2016-08-06 13:43:39,542.3,39.2,175.7,51.6,0
2,2016-12-05 16:40:52,510.4,44.2,123.2,50.0,0
4,2016-09-02 03:03:35,558.4,35.1,120.4,45.4,0
6,2016-01-03 07:31:31,346.9,70.7,215.6,69.7,1
3,2016-07-23 20:36:07,630.3,43.7,134.6,51.4,0
6,2016-01-03 21:22:03,255.8,55.2,255.5,70.0,1
3,2016-10-09 23:23:24,627.8,42.0,147.3,49.8,0
6,2016-01-02 06:54:19,384.3,54.3,244.7,66.6,1
2,2016-12-24 15:20:46,650.6,42.9,103.5,48.5,0
4,2016-01-18 22:49:51,559.7,37.1,187.0,51.3,0
6,2016-01-02 00:25:54,348.6,68.1,314.2,70.3,1
3,2016-11-05 11:41:57,586.2,42.0,173.5,50.2,0
2,2016-08-29 19:54:53,609.6,44.9,183.1,48.5,0
6,2016-01-02 07:49:36,248.3,49.1,319.4,67.6,1
4,2016-03-31 18:41:28,676.7,41.5,126.8,50.0,0
4,2016-06-04 12:38:26,681.5,39.7,183.3,46.5,0
6,2016-01-03 08:26:16,387.4,63.0,294.9,65.0,1
6,2016-01-02 13:32:46,304.4,58.3,215.5,57.2,1
6,2016-01-01 21:40:07,334.4,50.9,293.9,73.3,1
6,2016-01-01 02:27:36,212.2,54.5,243.9,73.6,1
3,2016-02-25 18:26:58,632.5,38.1,120.9,49.8,0
2,2016-03-07 01:38:58,571.8,39.6,132.1,46.5,0
6,2016-01-01 02:32:42,234.4,50.9,275.6,73.0,1
4,2016-04-11 22:55:19,639.9,36.8,170.3,47.8,0
2,2016-04-08 00:54:24,623.7,40.5,129.2,49.9,0
6,2016-01-02 20:17:21,267.2,52.5,310.7,70.6,1
6,2016-01-03 23:34:22,260.3,55.2,239.8,73.6,1
4,2016-08-22 06:50:02,627.2,45.0,118.0,51.7,0
3,2016-09-22 20:08:34,637.6,43.9,105.1,49.9,0
6,2016-01-03 21:46:37,277.1,65.2,228.6,68.1,1
2,2016-03-02 20:13:37,691.9,42.9,156.8,45.5,0
4,2016-07-10 14:57:29,667.0,42.0,158.5,51.9,0
6,2016-01-03 05:09:21,353.9,48.1,290.5,71.5,1
6,2016-01-02 07:28:02,293.0,69.8,255.5,66.3,1
4,2016-03-28 14:49:05,582.0,35.3,144.5,50.6,0
3,2016-12-18 04:16:24,687.1,35.7,173.9,50.5,0
2,2016-09-09 04:06:28,542.0,40.9,189.1,49.1,0
2,2016-10-29 15:15:10,509.3,44.7,114.4,46.0,0
3,2016-08-20 13:35:47,642.2,40.6,194.2,51.7,0
3,2016-02-07 16:41:45,530.0,37.8,136.0,48.6,0
6,2016-01-01 14:36:21,370.0,70.1,229.8,69.5,1
3,2016-12-07 10:06:02,549.1,42.9,148.3,49.0,0
3,2016-05-14 21:01:21,648.5,35.0,190.0,49.3,0
6,2016-01-01 03:20:52,390.5,54.5,248.7,55.0,1
6,2016-01-03 18:53:59,375.4,68.6,214.6,72.5,1
6,2016-01-01 16:04:11,374.9,51.5,231.3,72.0,1
3,2016-09-18 06:17:10,626.4,44.7,118.8,49.2,0
6,2016-01-02 07:15:27,257.0,56.9,266.2,60.7,1
3,2016-04-05 15:23:57,614.7,42.1,124.8,48.5,0
6,2016-01-02 09:35:27,329.2,48.9,218.4,58.9,1
6,2016-01-02 16:44:57,375.4,59.1,236.5,69.0,1
2,2016-03-08 15:37:29,551.4,44.3,135.8,50.8,0
4,2016-07-08 19:05:04,658.5,37.4,182.4,48.7,0
6,2016-01-01 06:03:44,342.8,69.5,252.9,63.8,1
3,2016-07-28 02:06:28,698.3,38.1,159.3,49.8,0
6,2016-01-03 18:37:32,362.9,64.0,309.3,65.4,1
6,2016-01-03 21:21:56,238.6,52.3,243.7,67.2,1
3,2016-07-09 23:13:21,595.7,39.8,103.4,46.7,0
4,2016-01-02 18:44:46,559.5,44.3,159.3,47.5,0
6,2016-01-02 04:03:54,330.1,47.6,239.3,58.0,1
6,2016-01-01 02:07:27,398.4,52.6,272.8,56.1,1
6,2016-01-02 09:37:51,353.2,53.7,221.4,58.6,1
6,2016-01-02 23:43:44,250.0,57.7,285.9,68.6,1
6,2016-01-03 06:43:31,261.0,48.3,226.6,63.1,1
6,2016-01-02 16:13:36,368.1,52.9,290.1,74.4,1
6,2016-01-03 05:58:02,353.4,67.3,305.5,61.2,1
6,2016-01-03 17:20:42,213.7,66.6,285.9,74.6,1
4,2016-05-26 13:25:44,648.9,40.0,181.3,45.1,0
6,2016-01-03 15:04:44,244.5,58.3,294.4,69.8,1
2,2016-06-25 06:49:58,566.1,37.4,112.1,46.7,0
6,2016-01-03 09:43:32,393.0,56.5,288.8,57.7,1
6,2016-01-02 19:11:14,316.0,70.9,308.8,74.2,1
6,2016-01-02 20:02:22,365.4,65.8,275.4,58.5,1
6,2016-01-01 04:30:03,375.1,68.6,290.6,55.3,1
4,2016-03-08 21:39:33,548.9,44.7,114.1,50.1,0
2,2016-07-13 11:22:35,651.6,39.6,169.6,45.2,0
6,2016-01-03 05:59:12,231.8,55.2,225.7,57.5,1
3,2016-08-02 08:21:53,630.2,37.6,124.2,48.6,0
6,2016-01-01 05:57:39,341.5,65.1,259.8,60.4,1
6,2016-01-01 19:01:13,278.5,65.0,233.2,74.4,1
3,2016-01-07 01:10:10,634.7,38.5,186.7,50.5,0
6,2016-01-03 04:48:18,266.7,70.0,312.8,69.2,1
6,2016-01-02 08:12:48,226.3,66.5,311.2,70.1,1
2,2016-04-29 01:26:21,549.7,44.0,138.5,45.8,0
2,2016-04-12 13:39:24,600.3,40.6,138.0,45.9,0
2,2016-12-06 21:40:55,531.9,42.0,163.4,48.3,0
3,2016-01-26 12:31:32,687.3,44.8,175.1,47.4,0
6,2016-01-02 03:19:15,288.9,57.0,307.8,63.0,1
6,2016-01-02 19:49:33,205.8,64.1,253.5,70.7,1
6,2016-01-01 01:21:59,266.0,58.9,305.9,74.0,1
6,2016-01-01 15:55:30,362.3,63.0,246.8,65.5,1
6,2016-01-02 15:17:14,299.1,55.8,269.7,71.7,1
6,2016-01-03 07:37:59,347.8,67.9,254.0,60.8,1
3,2016-03-10 17:15:23,529.9,37.4,197.2,51.3,0
3,2016-01-12 04:17:46,513.9,39.7,183.3,51.4,0
4,2016-03-31 17:23:28,563.4,37.2,101.6,50.3,0
2,2016-07-02 13:52:51,632.4,43.9,194.7,49.4,0
6,2016-01-02 08:39:58,350.4,59.7,240.2,71.5,1
6,2016-01-02 02:19:44,370.1,52.6,319.0,64.9,1
6,2016-01-03 06:41:41,352.3,66.0,281.0,65.5,1
4,2016-01-14 10:03:08,517.2,36.7,167.9,49.2,0
6,2016-01-01 12:48:04,204.3,49.0,215.9,59.6,1
6,2016-01-02 02:16:06,248.2,62.2,269.2,60.2,1
6,2016-01-02 09:16:32,263.6,56.3,233.3,71.5,1
3,2016-11-20 21:19:48,539.8,44.1,103.3,47.0,0
6,2016-01-01 11:12:33,213.6,64.0,248.6,63.9,1
6,2016-01-01 13:55:38,362.9,66.7,279.4,67.0,1
6,2016-01-02 18:31:06,342.1,69.7,210.1,57.3,1
6,2016-01-01 21:58:27,242.7,51.6,304.8,57.8,1
4,2016-12-26 19:24:24,654.5,39.7,197.5,51.4,0
6,2016-01-03 08:48:31,305.7,61.9,220.4,71.1,1
6,2016-01-03 07:43:08,251.2,70.3,236.4,57.1,1
6,2016-01-01 20:24:52,234.4,69.6,276.2,66.3,1
6,2016-01-02 21:01:38,236.6,60.9,264.8,57.1,1
3,2016-03-10 13:47:53,683.1,44.9,144.4,47.7,0
4,2016-04-27 00:59:39,655.3,40.2,101.1,51.8,0
4,2016-12-30 08:04:02,550.9,43.0,170.2,47.6,0
3,2016-01-31 02:28:18,552.5,41.2,153.6,51.7,0
6,2016-01-01 09:15:39,382.4,66.6,221.6,65.9,1
3,2016-08-07 15:00:57,586.7,35.7,111.6,45.8,0
6,2016-01-03 21:51:23,304.0,49.5,229.1,67.1,1
4,2016-03-18 00:05:10,692.6,44.9,159.0,49.6,0
4,2016-08-31 03:56:38,691.6,37.9,136.0,51.3,0
3,2016-09-22 21:18:34,530.3,36.2,192.9,46.5,0
3,2016-01-14 05:10:46,652.5,45.0,107.5,50.9,0
6,2016-01-01 06:40:46,297.8,70.6,308.8,74.2,1
3,2016-06-11 21:21:03,567.1,43.0,123.0,50.6,0
2,2016-06-27 13:57:49,560.8,40.9,140.2,47.6,0
6,2016-01-03 10:44:07,344.0,64.8,314.1,58.5,1
2,2016-09-06 13:21:04,650.2,37.9,101.3,47.2,0
3,2016-03-11 06:32:50,698.4,37.4,119.7,45.6,0
4,2016-08-01 01:06:41,603.6,40.9,194.4,48.8,0
6,2016-01-01 20:58:13,397.4,52.1,223.1,69.1,1
6,2016-01-01 06:17:29,396.3,55.3,259.6,69.9,1
2,2016-04-30 06:53:38,614.1,37.9,162.5,48.8,0
6,2016-01-02 04:52:14,272.9,57.8,254.7,64.6,1
6,2016-01-02 10:47:45,207.4,53.2,269.1,58.3,1
2,2016-09-10 08:34:46,671.3,36.7,111.7,45.4,0
3,2016-04-14 08:49:11,537.5,41.2,184.3,46.2,0
2,2016-03-21 05:31:30,686.4,43.9,114.7,46.2,0
6,2016-01-03 02:37:16,235.4,60.4,212.9,60.9,1
4,2016-12-28 16:25:47,589.1,41.4,150.3,45.3,0
2,2016-12-10 07:53:45,603.5,43.3,158.7,51.6,0
2,2016-03-25 05:32:42,554.2,36.3,126.5,50.0,0
6,2016-01-03 07:01:33,349.1,51.5,224.8,65.3,1
6,2016-01-03 07:30:57,216.4,64.8,240.2,57.9,1
4,2016-04-08 14:17:03,603.1,35.4,116.6,49.4,0
6,2016-01-02 11:17:31,249.2,50.9,299.7,74.1,1
6,2016-01-03 04:20:22,358.6,63.9,279.6,60.5,1
3,2016-11-28 19:12:12,618.8,38.3,196.7,47.8,0
6,2016-01-02 07:20:38,280.5,71.5,317.6,56.2,1
6,2016-01-03 17:53:10,345.5,65.8,306.7,65.6,1
4,2016-05-09 23:27:33,571.3,42.7,147.4,45.2,0
6,2016-01-02 10:51:50,362.7,56.1,313.7,71.8,1
6,2016-01-03 09:34:13,382.5,55.7,241.5,59.1,1
4,2016-11-09 20:06:43,673.7,36.1,100.7,49.6,0
4,2016-07-23 21:28:22,522.3,36.7,195.9,50.5,0
4,2016-10-17 14:17:12,582.9,43.8,111.9,51.0,0
2,2016-04-02 20:50:03,673.7,36.8,134.3,45.8,0
2,2016-01-22 18:14:17,626.4,39.2,195.6,45.1,0
6,2016-01-02 06:59:25,324.3,57.4,239.1,66.0,1
4,2016-04-14 19:59:23,515.3,37.4,193.6,47.5,0
6,2016-01-02 11:45:10,257.2,50.8,241.9,63.7,1
3,2016-08-22 20:35:16,603.1,40.7,126.3,47.8,0
6,2016-01-02 12:22:22,335.4,53.2,301.7,62.5,1
6,2016-01-01 21:46:15,243.8,62.8,318.2,69.0,1
2,2016-01-15 12:02:19,619.7,44.0,119.6,51.8,0
6,2016-01-02 06:24:59,211.6,67.7,316.7,58.6,1
6,2016-01-03 23:02:55,321.6,52.5,283.7,68.0,1
2,2016-06-29 01:58:47,508.8,35.3,120.6,50.7,0
6,2016-01-03 10:04:38,344.4,71.5,280.8,62.5,1
6,2016-01-03 12:52:56,351.5,56.6,246.7,57.2,1
6,2016-01-03 08:18:36,208.7,48.8,269.3,64.7,1
2,2016-08-16 15:49:43,509.5,41.9,143.3,49.6,0
6,2016-01-03 11:47:58,288.8,56.3,216.6,73.4,1
6,2016-01-01 22:33:27,342.9,60.9,286.3,55.6,1
6,2016-01-03 03:18:47,245.9,66.0,261.6,62.4,1
4,2016-11-01 03:56:03,561.7,43.5,149.4,45.3,0
6,2016-01-01 10:46:19,342.7,68.3,296.0,62.6,1
6,2016-01-02 06:16:21,383.3,55.0,220.7,68.6,1
6,2016-01-01 11:25:50,277.2,59.2,212.8,66.4,1
6,2016-01-01 02:34:28,343.0,69.2,230.8,59.4,1
2,2016-01-20 16:41:15,617.6,36.0,172.2,45.2,0
6,2016-01-01 11:07:35,381.5,50.6,216.0,59.9,1
6,2016-01-03 23:15:30,390.6,68.9,283.6,57.7,1
6,2016-01-02 10:54:59,311.0,60.5,259.6,71.4,1
6,2016-01-02 15:53:28,327.7,48.9,212.4,69.6,1
4,2016-05-06 07:38:18,667.2,39.7,165.1,52.0,0
6,2016-01-02 14:57:57,395.5,57.9,265.6,56.5,1
2,2016-03-29 23:55:47,516.8,40.6,151.0,50.2,0
3,2016-04-25 09:00:00,633.0,36.8,106.0,50.9,0
3,2016-01-31 19:17:03,678.3,40.8,156.0,52.0,0
2,2016-08-26 10:40:23,556.1,35.6,115.1,49.4,0
6,2016-01-01 12:00:58,255.0,48.1,259.4,60.5,1
2,2016-12-01 02:17:13,560.6,40.2,123.5,46.0,0
6,2016-01-01 13:23:58,272.5,53.2,318.2,73.0,1
6,2016-01-03 00:19:29,271.6,67.2,294.3,68.4,1
4,2016-04-16 19:03:30,517.4,37.5,160.4,48.8,0
6,2016-01-01 16:33:58,264.2,51.1,297.9,56.7,1
3,2016-10-10 09:05:36,597.7,41.4,153.7,49.3,0
6,2016-01-03 12:39:02,335.4,53.2,289.0,66.2,1
6,2016-01-02 18:11:15,226.5,68.6,280.8,57.4,1
6,2016-01-03 16:07:01,223.6,56.0,308.1,73.3,1
2,2016-06-07 05:24:06,693.6,41.8,162.6,49.6,0
2,2016-02-09 17:28:11,642.8,35.8,131.9,47.2,0
6,2016-01-03 16:52:10,343.6,53.5,300.3,60.3,1
6,2016-01-02 06:18:03,362.4,47.6,228.2,68.0,1
6,2016-01-03 15:26:57,255.2,66.1,231.9,64.0,1
6,2016-01-01 21:50:57,311.9,60.8,228.0,72.5,1
6,2016-01-02 19:43:09,342.3,64.7,242.8,69.0,1
4,2016-06-16 06:54:32,589.9,37.7,164.8,46.4,0
4,2016-08-23 03:20:09,693.7,42.7,130.1,50.4,0
4,2016-09-21 11:50:45,695.6,41.6,106.4,49.6,0
2,2016-06-09 20:12:58,537.2,41.1,190.1,49.5,0
4,2016-01-26 01:56:34,661.1,39.9,116.4,46.9,0
6,2016-01-01 09:09:56,300.7,48.0,275.0,56.6,1
4,2016-04-13 02:35:48,694.5,38.7,137.7,50.5,0
6,2016-01-03 02:47:21,362.6,56.5,314.9,72.9,1
6,2016-01-01 13:41:10,392.2,70.8,298.5,55.0,1
3,2016-04-16 07:33:37,555.3,37.8,188.9,50.2,0
4,2016-09-09 14:47:10,594.4,38.1,114.9,50.9,0
4,2016-06-21 09:28:34,668.4,35.6,103.6,51.6,0
3,2016-12-04 05:08:41,623.8,44.4,158.9,51.0,0
2,2016-05-06 20:17:38,550.9,39.9,126.8,46.0,0
4,2016-03-16 03:57:21,504.7,37.2,151.3,48.2,0
4,2016-07-27 22:45:10,533.8,41.9,115.8,45.7,0
6,2016-01-03 23:21:27,320.3,56.9,286.4,57.8,1
4,2016-12-27 19:29:34,680.3,39.7,154.8,47.9,0
6,2016-01-02 11:14:53,344.3,58.3,271.0,63.4,1
6,2016-01-02 22:03:42,217.8,59.5,258.3,56.6,1
3,2016-02-12 06:10:20,662.4,41.0,107.5,50.8,0
2,2016-04-22 08:39:47,539.8,44.6,167.1,46.3,0
3,2016-12-08 22:52:51,627.9,37.0,130.1,49.8,0
6,2016-01-02 23:17:47,316.5,64.7,306.2,71.3,1
6,2016-01-01 07:11:12,311.0,68.0,302.5,67.9,1
3,2016-05-10 00:39:30,506.0,38.6,102.7,46.5,0
3,2016-09-28 14:59:25,635.0,44.4,108.9,47.8,0
4,2016-04-01 06:05:55,612.6,42.7,127.8,48.2,0
2,2016-04-10 15:36:57,610.4,43.6,133.2,48.0,0
6,2016-01-01 21:51:24,217.8,60.9,296.6,70.1,1
3,2016-05-06 20:26:28,616.4,39.6,187.9,45.9,0
3,2016-03-19 22:12:23,615.0,37.5,195.0,45.8,0
6,2016-01-03 04:43:41,399.6,47.8,234.1,62.2,1
6,2016-01-01 13:47:49,217.1,53.4,289.1,73.7,1
4,2016-11-30 10:47:34,636.6,36.0,116.7,46.6,0
6,2016-01-03 13:38:06,283.0,67.3,314.5,69.7,1
6,2016-01-03 22:12:06,320.1,71.6,224.7,71.3,1
4,2016-09-25 06:40:43,583.0,37.6,173.4,45.5,0
4,2016-07-05 14:09:01,552.1,45.0,144.9,46.6,0
6,2016-01-02 15:51:52,366.6,66.8,233.0,58.7,1
2,2016-12-12 11:55:36,672.9,35.5,195.0,46.8,0
2,2016-06-26 20:12:21,565.4,44.4,112.3,49.4,0
3,2016-11-26 17:32:30,606.3,40.9,161.5,45.6,0
4,2016-05-16 05:22:23,582.0,43.3,187.4,45.4,0
6,2016-01-01 14:53:55,279.8,50.9,314.5,70.6,1
6,2016-01-01 13:38:10,352.6,48.8,310.6,55.8,1
6,2016-01-03 11:36:27,289.1,47.3,237.1,58.3,1
4,2016-06-27 03:39:44,620.0,40.7,179.8,50.7,0
4,2016-10-01 03:51:32,629.6,35.3,177.8,50.3,0
3,2016-03-07 10:29:57,630.4,41.4,184.7,46.7,0
4,2016-04-13 12:06:33,589.2,37.9,126.8,49.5,0
4,2016-09-13 13:17:13,556.8,38.2,106.9,49.5,0
6,2016-01-03 00:28:47,205.6,67.4,295.7,57.2,1
2,2016-01-08 06:30:47,580.5,35.6,139.1,50.8,0
3,2016-06-15 09:09:28,654.2,44.1,185.5,45.5,0
6,2016-01-01 15:09:37,279.4,71.6,227.0,69.9,1
6,2016-01-02 10:57:55,368.8,50.8,233.6,61.0,1
6,2016-01-02 14:17:25,351.0,63.9,282.2,73.5,1
2,2016-05-19 02:03:41,534.9,43.4,107.9,52.0,0
6,2016-01-01 08:56:21,343.3,60.4,238.0,63.5,1
4,2016-09-15 12:49:55,566.1,44.5,162.5,51.5,0
6,2016-01-02 14:48:02,313.8,66.6,261.4,63.4,1
2,2016-07-29 04:24:18,519.1,41.1,155.8,47.5,0
4,2016-04-03 11:51:01,633.2,37.8,182.9,45.5,0
6,2016-01-01 12:57:11,305.6,68.9,236.8,61.3,1
6,2016-01-02 08:57:10,355.9,50.0,273.1,72.9,1
6,2016-01-03 05:22:23,240.0,60.5,254.2,68.7,1
6,2016-01-02 18:35:16,356.4,66.8,274.4,57.4,1
6,2016-01-03 16:05:15,367.7,48.5,221.1,63.4,1
6,2016-01-01 15:14:42,349.3,70.3,293.6,59.8,1
3,2016-02-04 11:38:01,696.2,40.0,188.4,47.8,0
4,2016-01-13 09:29:40,644.9,42.2,190.0,46.1,0
6,2016-01-03 22:43:01,337.4,52.1,229.7,62.6,1
4,2016-06-06 10:34:23,567.3,41.0,196.6,49.5,0
2,2016-07-31 18:48:40,690.0,43.3,174.1,47.8,0
3,2016-02-28 16:49:33,663.8,43.8,177.2,51.8,0
6,2016-01-03 13:57:00,399.3,63.4,264.7,69.9,1
4,2016-10-04 17:53:45,527.2,43.1,105.0,51.6,0
6,2016-01-01 01:15:24,225.4,55.5,286.0,62.7,1
6,2016-01-03 08:11:59,393.6,54.1,244.1,61.9,1
4,2016-02-24 05:32:25,688.0,41.3,119.3,50.7,0
6,2016-01-01 16:06:13,384.5,56.8,244.4,65.1,1
6,2016-01-02 16:32:24,382.9,48.5,308.7,55.4,1
2,2016-07-25 14:12:36,501.6,40.8,162.0,48.7,0
3,2016-12-28 06:28:11,558.4,43.6,164.8,47.5,0
4,2016-11-22 18:25:08,664.4,35.6,131.5,46.4,0
6,2016-01-03 16:19:34,373.8,58.9,268.6,72.9,1
4,2016-09-13 23:36:26,582.1,43.3,126.1,50.4,0
3,2016-06-26 02:14:22,585.5,43.8,186.8,45.8,0
6,2016-01-01 08:03:44,255.5,64.7,298.2,63.9,1
2,2016-04-25 21:03:48,618.8,38.7,143.9,45.1,0
6,2016-01-01 09:13:45,225.9,49.5,283.7,74.7,1
3,2016-04-24 15:21:36,581.3,42.3,112.2,49.0,0
2,2016-04-18 23:55:59,552.8,41.6,113.4,51.1,0
4,2016-07-27 13:42:18,555.9,37.9,114.8,45.3,0
2,2016-03-03 17:03:00,654.2,39.9,178.9,49.7,0
6,2016-01-03 15:11:31,360.5,49.7,305.2,73.9,1
4,2016-03-10 04:44:31,563.3,39.1,101.1,46.8,0
6,2016-01-01 12:17:19,399.7,69.5,232.1,66.3,1
4,2016-10-05 19:22:35,568.2,43.2,156.1,50.2,0
6,2016-01-02 11:32:09,252.1,52.3,219.5,70.5,1
6,2016-01-01 23:34:33,323.9,61.6,276.2,55.3,1
3,2016-09-27 01:34:10,604.8,44.3,120.9,49.2,0
2,2016-06-09 14:23:47,545.6,37.3,106.4,46.6,0
6,2016-01-02 13:21:44,324.1,67.9,277.1,67.5,1
6,2016-01-01 18:30:22,303.7,50.7,316.5,71.0,1
6,2016-01-02 18:13:19,276.8,49.9,319.3,62.7,1
6,2016-01-01 14:09:19,299.0,63.2,211.2,60.3,1
4,2016-11-19 05:19:54,560.7,35.8,194.7,50.1,0
6,2016-01-02 18:14:54,320.1,58.3,269.3,60.5,1
2,2016-11-17 21:27:20,604.2,37.5,166.7,49.7,0
6,2016-01-02 19:52:02,232.6,53.4,255.2,64.4,1
4,2016-05-29 16:33:41,690.8,38.6,131.2,47.2,0
6,2016-01-01 15:13:41,323.5,55.5,275.8,71.4,1
6,2016-01-03 10:44:54,251.4,68.4,261.0,57.6,1
2,2016-01-10 08:20:03,688.3,38.3,131.2,47.6,0
6,2016-01-03 19:44:13,309.6,57.6,260.9,67.5,1
6,2016-01-02 07:38:39,334.9,57.4,291.7,57.7,1
6,2016-01-02 18:21:24,272.5,62.5,274.4,63.0,1
6,2016-01-01 05:52:32,239.8,64.0,221.4,73.6,1
6,2016-01-02 22:30:37,347.0,59.7,235.1,63.2,1
6,2016-01-03 20:52:26,280.7,62.1,225.4,62.8,1
2,2016-07-14 18:02:38,627.3,39.5,138.1,49.2,0
6,2016-01-03 19:26:11,249.8,50.7,254.0,56.7,1
2,2016-12-01 15:49:24,697.6,42.6,186.8,45.3,0
4,2016-08-12 19:35:05,669.3,38.6,123.0,46.4,0
6,2016-01-02 06:07:27,332.9,70.1,314.8,56.8,1
6,2016-01-03 12:23:06,399.8,53.8,297.8,58.7,1
2,2016-08-19 02:24:26,587.5,37.5,188.8,49.5,0
6,2016-01-01 20:46:21,248.0,62.5,299.5,59.4,1
3,2016-08-18 10:53:15,501.1,42.8,100.9,50.9,0
6,2016-01-01 06:10:39,302.2,52.5,309.6,61.0,1
6,2016-01-02 11:21:25,328.8,69.5,240.0,66.3,1
6,2016-01-01 19:13:10,280.8,53.2,246.9,71.5,1
6,2016-01-01 22:24:20,233.7,68.9,241.3,67.3,1
6,2016-01-01 21:08:26,322.3,64.9,280.6,62.2,1
4,2016-10-17 15:51:41,640.4,35.1,123.1,47.7,0
4,2016-02-01 08:20:34,580.6,39.6,149.5,45.4,0
4,2016-08-25 10:28:26,501.4,35.0,198.5,48.0,0
6,2016-01-02 04:55:14,257.9,49.8,226.2,63.9,1
4,2016-01-16 04:27:11,687.1,42.6,135.7,46.1,0
4,2016-05-24 08:14:46,549.8,37.5,114.4,46.1,0
6,2016-01-03 16:52:06,241.8,54.5,296.6,62.0,1
4,2016-08-01 18:41:17,620.9,41.8,191.0,48.0,0
6,2016-01-01 14:01:16,264.6,70.6,255.2,62.5,1
6,2016-01-02 10:08:39,221.3,65.3,235.1,71.5,1
4,2016-02-22 04:42:29,624.0,40.5,178.4,45.5,0
3,2016-10-27 15:04:43,604.6,44.2,144.8,49.4,0
6,2016-01-03 20:04:24,255.1,60.7,246.9,56.6,1
6,2016-01-02 15:07:16,295.1,69.1,262.7,71.0,1
3,2016-04-23 12:40:31,513.5,40.4,158.3,50.4,0
4,2016-02-18 16:13:36,500.6,39.6,146.5,46.5,0
4,2016-05-17 00:47:52,583.3,43.3,194.0,50.4,0
2,2016-11-22 23:21:50,566.2,40.1,154.6,51.0,0
6,2016-01-01 01:33:37,384.2,63.7,270.1,57.3,1
6,2016-01-03 14:28:43,322.9,55.9,240.6,75.0,1
6,2016-01-03 12:08:32,318.6,49.3,234.0,63.4,1
2,2016-09-13 03:20:00,550.3,36.1,106.6,50.4,0
2,2016-06-16 05:24:27,581.4,36.1,119.1,49.5,0
2,2016-07-23 13:18:17,695.1,41.7,199.3,45.5,0
4,2016-03-29 02:50:37,636.4,35.1,128.5,45.5,0
2,2016-08-06 21:58:44,511.4,38.5,136.7,51.8,0
6,2016-01-02 10:43:06,213.8,49.9,212.8,59.2,1
6,2016-01-01 07:35:22,228.2,66.1,270.8,57.4,1
3,2016-07-31 02:53:13,646.8,43.7,162.3,51.6,0
4,2016-05-03 11:48:06,614.7,39.5,177.2,48.0,0
3,2016-11-27 07:44:04,622.2,37.7,147.6,45.5,0
2,2016-08-04 14:00:28,600.9,36.5,159.4,45.4,0
2,2016-05-28 18:10:58,664.6,38.3,163.1,50.2,0
6,2016-01-01 14:46:58,209.9,58.1,221.1,59.0,1
2,2016-03-10 16:49:40,506.9,39.7,196.3,45.8,0
3,2016-07-04 17:25:47,600.2,44.9,177.5,51.4,0
6,2016-01-02 02:20:31,217.0,57.4,240.9,65.3,1
6,2016-01-03 19:14:24,371.2,57.5,292.6,56.6,1
6,2016-01-02 20:41:16,296.5,54.0,249.8,74.8,1
6,2016-01-03 16:37:06,204.9,63.7,237.5,64.9,1
6,2016-01-01 21:38:31,225.8,54.4,238.8,64.5,1
6,2016-01-01 04:41:45,243.4,59.7,283.3,74.2,1
3,2016-11-16 23:05:38,514.4,40.8,162.8,50.0,0
6,2016-01-01 17:09:28,371.0,66.7,224.7,73.5,1
6,2016-01-01 07:37:12,262.7,53.6,294.8,73.7,1
6,2016-01-02 17:51:53,265.4,49.4,258.6,57.8,1
6,2016-01-02 07:41:31,212.7,69.2,259.2,63.6,1
2,2016-05-25 20:00:36,579.8,44.7,148.7,49.5,0
6,2016-01-02 21:28:02,212.9,69.6,242.6,74.3,1
4,2016-06-23 13:42:29,596.7,36.8,116.9,47.5,0
4,2016-10-19 12:25:12,600.6,35.4,164.6,47.5,0
2,2016-05-31 02:13:52,526.3,38.1,145.0,47.9,0
6,2016-01-01 20:06:41,234.2,68.2,241.4,57.8,1
2,2016-12-13 16:46:31,546.0,36.2,199.0,51.7,0
6,2016-01-02 15:18:50,368.6,60.1,289.8,73.0,1
6,2016-01-02 23:12:38,240.1,67.3,258.7,72.7,1
6,2016-01-02 21:31:21,285.4,51.1,217.7,75.0,1
2,2016-12-13 14:59:45,589.3,36.5,173.0,47.1,0
4,2016-06-09 13:18:36,699.5,35.2,194.9,48.5,0
2,2016-08-06 15:30:17,615.4,35.5,185.6,50.8,0
4,2016-08-02 14:14:02,509.5,41.0,130.4,49.5,0
2,2016-11-23 03:04:46,538.7,39.4,129.8,49.0,0
4,2016-06-26 15:02:57,657.0,39.1,145.4,52.0,0
4,2016-11-25 07:34:41,621.7,44.6,123.1,48.3,0
6,2016-01-01 02:47:42,339.0,50.6,229.9,68.8,1
6,2016-01-03 10:29:52,214.8,61.8,313.0,72.0,1
6,2016-01-01 19:59:15,200.3,62.6,305.4,66.0,1
6,2016-01-03 03:41:38,271.8,67.7,219.3,60.8,1
2,2016-11-13 22:46:11,516.7,38.3,152.0,45.5,0
6,2016-01-02 10:17:45,356.1,69.2,212.8,74.4,1
4,2016-12-15 16:37:37,696.0,37.4,131.5,45.7,0
6,2016-01-01 13:50:19,246.5,52.0,266.2,70.9,1
2,2016-05-21 07:09:23,530.2,38.9,158.4,51.3,0
6,2016-01-03 15:06:47,336.0,56.5,237.9,59.9,1
2,2016-01-27 16:12:59,513.1,37.3,112.5,49.4,0
3,2016-08-23 07:12:02,556.6,43.6,159.8,50.6,0
4,2016-02-23 19:02:57,692.0,41.1,124.2,48.5,0
2,2016-02-21 08:52:45,610.4,37.6,110.2,49.9,0
6,2016-01-02 11:53:52,309.8,51.5,291.4,58.6,1
3,2016-06-25 13:13:07,645.4,43.3,189.0,49.8,0
6,2016-01-01 23:12:55,271.8,64.0,295.2,55.1,1
6,2016-01-03 04:24:37,347.9,55.3,275.2,66.0,1
6,2016-01-03 19:59:12,306.5,49.6,253.6,68.0,1
4,2016-03-30 23:11:07,562.0,39.7,176.6,51.2,0
6,2016-01-03 11:23:25,201.0,56.5,220.8,64.2,1
6,2016-01-01 12:16:38,366.4,57.1,229.3,69.1,1
2,2016-05-13 22:38:21,681.0,42.2,105.5,48.5,0
6,2016-01-03 03:30:45,293.8,49.1,288.9,70.2,1
6,2016-01-01 14:55:07,285.4,56.4,231.6,57.2,1
4,2016-01-24 02:15:39,533.0,44.9,148.6,46.2,0
6,2016-01-03 00:32:41,245.6,53.5,303.8,55.5,1
2,2016-07-13 08:03:41,517.9,43.0,160.5,50.4,0
6,2016-01-02 05:08:38,296.9,62.4,291.6,59.6,1
2,2016-12-21 01:11:36,695.6,39.3,121.8,48.8,0
3,2016-10-22 16:53:21,637.1,39.7,137.1,45.3,0
6,2016-01-01 20:08:52,278.2,64.1,221.8,66.5,1
3,2016-03-25 21:18:32,573.7,42.9,146.0,50.8,0
6,2016-01-03 01:40:45,318.6,66.5,225.9,68.2,1
4,2016-10-27 08:02:03,659.4,39.8,197.9,45.9,0
4,2016-11-14 06:51:36,683.0,40.4,134.6,49.0,0
6,2016-01-03 09:01:39,262.4,56.3,304.5,61.6,1
2,2016-09-03 07:58:36,581.1,40.4,180.2,47.3,0
6,2016-01-01 13:29:18,233.9,71.5,309.3,65.7,1
2,2016-07-31 06:06:16,552.8,39.4,159.9,46.3,0
3,2016-04-23 02:56:41,543.0,38.2,112.9,45.3,0
6,2016-01-02 00:27:43,386.6,69.2,229.2,58.7,1
2,2016-08-18 05:03:40,550.9,42.0,139.7,47.0,0
6,2016-01-01 20:30:13,238.8,59.8,307.8,60.0,1
2,2016-06-15 10:21:48,695.4,41.6,130.2,51.5,0
3,2016-06-12 11:46:37,631.7,41.6,133.9,50.0,0
6,2016-01-01 16:31:44,349.4,69.7,296.9,65.6,1
6,2016-01-01 20:13:35,247.2,69.3,312.4,57.3,1
4,2016-08-04 06:02:45,592.5,40.9,101.0,50.2,0
6,2016-01-03 07:41:37,389.9,59.9,305.9,70.9,1
3,2016-09-04 08:45:40,510.1,35.2,187.4,48.6,0
6,2016-01-01 08:39:56,273.9,60.5,256.9,60.1,1
4,2016-05-26 20:08:33,642.4,36.3,154.3,49.8,0
6,2016-01-03 14:23:39,250.3,60.9,231.5,59.1,1
6,2016-01-02 17:37:34,266.1,68.2,231.9,67.2,1
6,2016-01-03 11:44:24,327.2,56.3,244.2,73.6,1
2,2016-05-22 05:56:17,659.8,37.3,152.0,46.0,0
6,2016-01-03 14:42:20,386.0,58.9,303.4,68.4,1
3,2016-09-01 05:27:10,618.1,44.1,199.0,45.9,0
2,2016-05-26 03:22:31,505.6,39.1,104.8,46.6,0
6,2016-01-03 06:57:48,214.3,52.1,291.5,62.3,1
2,2016-11-09 16:28:55,649.0,42.4,142.5,49.2,0
6,2016-01-01 20:21:51,220.3,54.4,233.9,56.9,1
2,2016-05-28 06:10:09,665.1,42.8,145.7,50.8,0
3,2016-07-09 15:52:02,623.8,41.5,178.2,47.5,0
3,2016-06-13 09:44:08,552.9,37.9,173.9,45.3,0
6,2016-01-02 09:43:45,369.4,47.2,249.3,64.9,1
2,2016-12-15 09:15:36,597.4,43.0,194.2,49.5,0
4,2016-10-11 17:41:41,665.8,40.8,192.9,46.1,0
2,2016-10-15 06:42:37,666.4,44.7,111.8,46.2,0
4,2016-04-23 09:32:51,579.6,41.3,183.8,49.8,0
2,2016-08-01 22:48:35,641.3,42.3,180.4,48.1,0
6,2016-01-02 05:41:37,336.9,70.6,211.4,72.0,1
6,2016-01-03 15:19:17,339.3,71.6,214.5,71.2,1
6,2016-01-01 19:33:26,389.0,48.8,312.7,70.9,1
6,2016-01-01 17:16:28,351.6,47.8,236.9,73.7,1
3,2016-07-21 01:50:27,632.3,36.9,156.1,47.9,0
6,2016-01-01 11:20:29,200.3,60.6,219.6,67.4,1
4,2016-06-21 21:32:49,658.3,38.5,173.7,49.6,0
6,2016-01-03 01:20:42,220.0,48.9,316.7,66.5,1
6,2016-01-02 13:26:20,274.1,59.3,281.2,65.8,1
3,2016-04-04 19:35:28,524.7,39.8,192.4,49.0,0
3,2016-10-03 12:05:21,508.3,40.3,176.2,50.2,0
6,2016-01-03 18:56:20,335.9,62.4,316.2,56.2,1
2,2016-11-01 09:52:35,569.3,40.4,183.9,51.6,0
6,2016-01-03 13:00:43,241.3,50.1,210.5,58.0,1
2,2016-03-03 21:24:18,590.3,39.5,141.0,47.3,0
6,2016-01-03 23:06:07,367.7,48.8,276.6,59.5,1
6,2016-01-02 20:00:59,238.3,57.4,210.9,65.8,1
2,2016-05-19 14:22:05,571.8,44.2,120.6,48.7,0
3,2016-06-21 06:18:28,684.8,37.0,193.8,46.9,0
2,2016-06-12 12:09:37,666.9,43.9,192.7,46.1,0
6,2016-01-01 11:14:13,318.8,70.4,260.7,72.6,1
6,2016-01-01 17:17:55,348.1,61.8,308.8,61.5,1
4,2016-01-04 07:42:26,542.3,37.5,199.7,50.9,0
6,2016-01-03 14:27:27,333.3,54.9,262.7,74.5,1
6,2016-01-01 05:17:25,263.4,62.4,307.8,60.5,1
4,2016-01-27 17:38:42,545.5,35.3,136.3,45.3,0
6,2016-01-03 14:12:31,395.8,67.2,267.7,73.1,1
6,2016-01-02 05:58:10,393.1,56.3,263.8,59.1,1
6,2016-01-01 16:11:04,360.0,51.9,307.4,65.9,1
6,2016-01-02 02:03:15,293.8,65.1,211.5,65.1,1
6,2016-01-03 12:09:49,347.2,49.3,212.3,64.7,1
6,2016-01-01 19:24:23,286.7,71.6,249.9,58.0,1
6,2016-01-01 14:57:25,224.9,70.4,312.4,72.5,1
6,2016-01-02 22:44:44,369.3,58.4,288.5,57.9,1
2,2016-11-08 15:19:01,603.2,40.5,158.1,49.5,0
4,2016-04-29 21:52:32,577.4,36.1,130.4,46.2,0
6,2016-01-03 23:29:36,220.9,51.7,270.5,56.5,1
4,2016-05-27 22:44:46,616.8,36.9,146.2,48.0,0
2,2016-06-21 03:16:03,640.7,37.0,162.6,49.9,0
2,2016-12-21 02:15:36,562.4,42.7,166.5,51.9,0
3,2016-10-04 19:50:46,672.4,40.8,165.1,51.5,0
6,2016-01-02 14:34:05,237.8,70.3,279.1,74.4,1
3,2016-07-17 11:07:21,630.6,37.3,163.5,49.3,0
6,2016-01-01 20:21:00,211.2,52.9,304.8,64.3,1
4,2016-10-29 13:50:56,667.7,35.3,153.2,47.8,0
6,2016-01-03 20:10:09,246.0,59.1,248.7,71.3,1
4,2016-11-06 12:11:20,639.0,38.9,134.5,46.0,0
6,2016-01-01 11:47:33,350.8,55.0,268.9,70.3,1
4,2016-09-21 09:40:30,598.3,36.5,152.3,50.4,0
6,2016-01-01 08:55:05,381.3,51.4,241.7,55.1,1
2,2016-02-12 19:05:49,557.4,42.8,153.9,45.8,0
6,2016-01-02 21:54:42,379.0,55.3,215.9,60.1,1
6,2016-01-02 11:04:35,240.6,55.7,288.1,74.5,1
6,2016-01-01 11:18:38,353.0,68.4,260.6,70.8,1
4,2016-01-14 19:25:54,637.3,36.4,136.1,47.6,0
4,2016-10-25 05:33:54,645.1,36.2,154.0,48.5,0
4,2016-05-23 07:19:58,684.1,43.4,182.5,46.8,0
6,2016-01-02 06:50:14,245.6,60.0,265.3,75.0,1
3,2016-03-11 03:23:00,610.4,39.9,135.5,45.9,0
4,2016-03-10 07:37:58,520.7,35.6,121.2,47.6,0
6,2016-01-03 07:21:39,287.7,70.9,247.8,59.9,1
3,2016-05-21 13:56:59,640.7,42.6,183.7,45.6,0
6,2016-01-01 02:19:31,350.9,64.5,224.6,65.8,1
6,2016-01-01 04:17:25,318.3,67.9,244.8,68.1,1
6,2016-01-01 01:54:34,335.6,53.5,254.7,64.5,1
6,2016-01-03 20:59:59,322.4,62.1,301.2,65.3,1
4,2016-05-22 08:03:22,629.6,37.1,168.9,49.4,0
4,2016-08-30 23:36:19,663.9,43.6,181.0,49.5,0
4,2016-03-31 22:38:06,528.3,37.4,128.2,50.6,0
4,2016-11-23 08:29:38,507.2,36.7,166.8,47.9,0
6,2016-01-01 00:42:45,349.4,56.6,222.7,57.5,1
6,2016-01-02 15:56:52,306.5,62.3,262.7,63.1,1
2,2016-11-18 16:10:46,514.7,38.4,167.7,50.6,0
6,2016-01-03 17:53:23,264.7,54.5,241.4,58.8,1
3,2016-04-18 21:26:40,616.0,38.5,196.6,51.7,0
3,2016-11-12 00:20:47,503.0,35.7,145.7,50.3,0
6,2016-01-01 02:55:01,364.9,65.7,236.9,63.9,1
4,2016-10-16 09:25:06,559.6,41.7,188.7,48.0,0
6,2016-01-01 21:17:46,386.6,58.8,242.1,70.0,1
6,2016-01-03 18:12:53,247.2,51.4,234.6,64.4,1
6,2016-01-03 19:02:36,339.8,68.5,299.2,60.2,1
3,2016-09-15 11:15:08,658.1,38.8,128.5,51.4,0
2,2016-10-11 04:29:27,655.2,42.8,146.1,49.9,0
4,2016-10-16 17:07:13,536.9,38.6,139.1,49.5,0
6,2016-01-02 08:18:18,292.7,64.8,281.1,64.2,1
2,2016-11-12 00:59:20,639.2,36.8,178.7,50.0,0
4,2016-06-23 10:17:29,583.1,39.4,139.3,48.7,0
3,2016-08-03 20:11:25,623.7,37.8,172.6,47.8,0
6,2016-01-01 00:28:59,200.5,67.3,258.1,62.5,1
3,2016-08-27 15:45:07,637.3,36.6,124.8,50.4,0
6,2016-01-01 12:25:46,337.8,69.7,238.0,69.6,1
3,2016-01-06 11:43:44,673.6,42.3,120.1,51.0,0
3,2016-12-26 04:30:29,599.8,38.3,142.6,46.4,0
6,2016-01-01 01:18:32,336.4,54.5,318.6,64.5,1
2,2016-11-24 05:30:51,603.8,44.2,116.4,50.7,0
3,2016-09-14 01:58:15,548.2,38.9,124.7,50.7,0
2,2016-09-02 23:53:33,635.8,37.8,158.1,47.4,0
4,2016-12-30 19:42:44,520.6,37.4,167.0,45.2,0
6,2016-01-03 23:04:11,254.7,63.3,287.1,60.6,1
6,2016-01-02 19:08:35,205.9,55.5,227.3,68.1,1
4,2016-11-10 21:14:25,505.4,44.5,147.8,51.0,0
2,2016-06-02 06:37:44,507.2,35.8,122.9,49.8,0
6,2016-01-01 01:32:42,307.0,49.8,296.3,73.2,1
6,2016-01-02 16:00:40,384.3,53.2,302.9,60.2,1
6,2016-01-03 03:05:50,249.1,56.8,239.3,70.0,1
4,2016-02-07 21:02:48,568.6,36.4,175.1,46.3,0
6,2016-01-03 19:34:52,243.3,67.9,214.0,74.0,1
2,2016-05-16 17:42:07,625.7,43.8,179.2,48.8,0
3,2016-09-05 22:40:14,626.7,43.9,128.5,48.5,0
4,2016-05-07 03:39:07,578.3,35.2,178.1,50.3,0
4,2016-04-16 13:22:15,562.2,43.1,160.0,46.5,0
6,2016-01-01 23:44:42,275.8,69.1,232.7,58.6,1
2,2016-02-27 12:34:47,567.4,38.1,106.4,51.9,0
6,2016-01-03 06:29:18,354.2,56.9,256.4,65.8,1
6,2016-01-02 07:47:54,267.5,71.9,252.6,55.6,1
6,2016-01-02 07:21:02,255.4,48.9,293.9,61.7,1
3,2016-07-21 23:51:25,651.8,42.2,127.8,48.6,0
3,2016-08-18 12:40:13,515.6,44.7,181.5,48.6,0
2,2016-05-28 10:16:26,693.8,35.6,121.6,47.8,0
2,2016-02-13 03:50:15,574.7,36.0,149.3,47.0,0
2,2016-06-14 01:43:32,581.1,37.0,165.5,47.9,0
6,2016-01-01 20:41:45,310.2,52.7,277.4,74.6,1
6,2016-01-02 16:58:38,303.7,58.3,276.4,70.4,1
4,2016-05-20 16:30:47,517.9,42.6,198.4,46.8,0
6,2016-01-01 02:49:10,367.9,61.9,249.1,74.4,1
6,2016-01-02 05:20:25,231.3,63.0,315.5,72.6,1
6,2016-01-03 04:03:31,287.1,49.0,227.7,67.7,1
6,2016-01-02 17:39:28,224.8,66.0,290.5,68.3,1
4,2016-02-21 18:08:30,619.9,41.5,162.3,51.3,0
6,2016-01-02 14:52:51,293.1,62.5,300.6,55.6,1
6,2016-01-02 12:17:09,229.7,61.3,232.5,73.3,1
4,2016-10-23 03:55:36,514.8,36.0,171.7,50.4,0
3,2016-11-09 10:21:34,662.0,42.3,151.0,46.3,0
6,2016-01-02 23:46:07,203.2,56.7,292.9,62.2,1
6,2016-01-02 04:11:27,282.0,63.1,320.0,61.8,1
6,2016-01-02 00:50:07,394.7,65.5,283.4,57.4,1
6,2016-01-03 19:38:53,363.9,65.8,220.9,68.8,1
6,2016-01-02 08:07:29,348.4,63.3,251.6,74.2,1
3,2016-04-13 17:22:00,596.3,36.9,195.9,47.2,0
3,2016-11-16 11:43:14,503.6,44.4,144.5,46.9,0
3,2016-10-17 15:47:13,564.1,43.1,143.2,48.7,0
4,2016-01-30 05:04:26,697.2,43.8,185.8,52.0,0
6,2016-01-01 19:52:05,396.4,52.2,295.3,65.4,1
3,2016-01-25 04:45:31,511.6,39.7,150.6,51.5,0
3,2016-06-27 20:31:54,606.5,35.3,129.5,47.9,0
6,2016-01-01 07:51:48,365.5,50.3,271.9,61.1,1
2,2016-06-29 03:03:52,592.1,44.7,149.3,48.6,0
6,2016-01-01 13:01:08,349.9,51.3,227.5,70.8,1
6,2016-01-01 00:45:01,371.3,57.2,259.3,72.2,1
6,2016-01-01 14:42:56,261.9,59.3,266.2,69.9,1
6,2016-01-03 21:15:42,351.8,66.1,252.5,66.7,1
4,2016-11-22 15:32:05,690.4,40.6,107.6,47.2,0
2,2016-12-13 06:39:56,680.7,43.1,120.1,46.4,0
4,2016-04-24 09:33:43,542.3,37.8,104.9,49.8,0
3,2016-09-08 18:43:24,674.0,35.5,128.2,50.3,0
3,2016-11-27 06:16:54,610.2,35.9,130.9,47.2,0
2,2016-05-11 20:06:22,698.9,44.9,164.6,50.7,0
3,2016-07-24 23:34:49,625.2,37.8,190.2,51.6,0
3,2016-05-16 01:41:59,653.5,38.8,136.7,47.0,0
4,2016-11-20 08:11:10,655.6,39.8,195.4,48.8,0
6,2016-01-01 00:45:38,381.3,55.7,295.7,72.9,1
6,2016-01-02 14:47:07,211.2,55.9,272.4,74.8,1
6,2016-01-01 18:38:18,234.3,55.4,287.8,71.2,1
2,2016-09-23 18:46:44,654.1,38.8,196.4,46.4,0
6,2016-01-01 00:50:41,256.5,50.2,314.7,59.9,1
6,2016-01-02 05:51:55,369.2,71.2,309.3,65.2,1
6,2016-01-03 07:35:51,246.4,53.4,299.2,60.6,1
3,2016-08-15 07:51:05,608.5,39.1,168.7,48.5,0
3,2016-11-12 06:20:31,559.0,35.0,183.4,46.2,0
3,2016-10-08 05:12:48,669.5,35.8,134.9,50.9,0
6,2016-01-02 15:15:37,346.5,63.0,311.9,71.2,1
3,2016-08-26 21:04:11,537.7,37.0,160.9,51.7,0
2,2016-05-29 05:56:42,598.4,41.8,141.0,47.8,0
4,2016-12-17 01:15:16,514.6,43.1,106.9,50.9,0
3,2016-09-28 09:14:59,552.3,41.0,103.4,50.0,0
2,2016-07-19 08:53:41,636.4,41.6,111.0,50.8,0
3,2016-01-25 06:28:13,550.5,41.0,123.2,49.0,0
2,2016-08-25 18:12:18,593.6,37.7,180.7,48.3,0
6,2016-01-02 14:44:21,399.4,52.0,255.0,67.1,1
3,2016-05-26 19:03:20,580.4,41.2,132.7,48.7,0
3,2016-11-23 08:50:30,501.9,44.3,139.3,45.9,0
4,2016-09-01 18:26:44,549.4,37.1,178.0,45.1,0
6,2016-01-03 07:51:21,355.2,54.0,294.7,56.1,1
6,2016-01-03 07:20:57,391.1,71.0,242.7,64.6,1
6,2016-01-03 13:53:42,230.2,52.5,305.6,72.7,1
3,2016-02-05 16:26:23,538.7,36.0,197.3,50.9,0
4,2016-04-20 01:12:06,637.1,44.4,187.8,49.5,0
2,2016-07-08 03:31:15,653.0,39.4,163.7,51.0,0
6,2016-01-02 00:44:03,283.7,62.5,310.7,69.9,1
2,2016-02-01 16:33:53,595.4,42.6,174.2,50.3,0
6,2016-01-03 05:24:50,227.7,61.7,314.6,72.5,1
6,2016-01-01 00:44:20,311.5,69.9,302.4,55.0,1
3,2016-05-09 23:50:58,647.1,35.5,194.0,51.7,0
6,2016-01-02 22:01:44,323.9,66.3,233.2,64.1,1
2,2016-05-10 08:19:03,535.5,41.8,170.7,45.3,0
6,2016-01-01 19:34:27,278.1,62.7,255.2,63.4,1
6,2016-01-02 10:34:04,278.6,65.4,246.6,73.0,1
4,2016-07-25 17:41:10,694.2,37.7,124.3,51.1,0
6,2016-01-02 01:00:03,374.5,54.3,292.7,73.7,1
6,2016-01-01 02:33:17,222.2,56.8,224.2,60.5,1
4,2016-06-26 02:11:29,637.1,35.5,157.4,45.8,0
6,2016-01-03 02:56:10,389.0,54.5,223.1,66.1,1
3,2016-09-28 08:11:13,519.9,44.5,102.3,50.3,0
3,2016-02-14 07:50:58,608.6,36.3,173.4,51.4,0
4,2016-06-10 15:55:50,510.2,35.2,178.8,48.0,0
6,2016-01-01 19:56:14,281.1,48.6,294.1,59.2,1
2,2016-01-12 06:40:56,511.5,42.4,103.9,50.7,0
6,2016-01-03 10:33:12,240.2,62.2,228.1,70.7,1
2,2016-12-20 04:26:41,530.8,44.5,168.8,51.7,0
4,2016-10-15 18:48:42,654.8,41.2,178.9,47.0,0
6,2016-01-01 17:15:00,346.1,54.0,283.3,60.2,1
6,2016-01-03 17:39:24,378.3,51.2,217.4,72.7,1
6,2016-01-03 17:14:07,285.4,49.7,226.6,63.3,1
6,2016-01-01 04:35:06,333.1,49.4,280.1,62.6,1
6,2016-01-02 14:40:37,381.9,65.3,270.3,72.5,1
2,2016-03-08 01:17:58,510.6,37.4,108.8,45.3,0
4,2016-11-20 14:07:22,667.6,40.5,106.8,48.5,0
6,2016-01-01 06:38:14,228.0,51.3,304.5,59.5,1
3,2016-08-26 11:36:13,520.1,43.6,143.7,49.7,0
2,2016-12-07 16:15:55,691.0,41.4,200.0,46.6,0
3,2016-03-26 15:43:01,658.6,42.7,127.4,46.3,0
6,2016-01-01 05:13:44,231.7,58.0,312.9,61.3,1
3,2016-07-12 09:23:43,664.8,43.0,183.6,49.9,0
3,2016-03-17 09:12:51,503.9,42.6,169.0,48.7,0
4,2016-10-05 02:40:41,525.8,39.9,184.1,47.0,0
2,2016-04-05 13:17:21,583.5,41.3,129.1,47.6,0
6,2016-01-03 22:27:00,228.7,53.3,222.4,63.7,1
6,2016-01-03 18:18:33,340.8,55.0,313.5,64.0,1
6,2016-01-01 06:00:04,305.2,61.5,228.9,68.6,1
4,2016-02-29 23:47:29,592.7,37.0,174.4,48.0,0
3,2016-12-22 21:43:17,687.7,37.2,185.4,45.8,0
6,2016-01-01 05:14:18,313.0,48.3,222.4,68.3,1
6,2016-01-02 14:58:36,228.3,60.7,301.4,64.8,1
2,2016-11-24 02:57:31,530.6,38.7,198.0,47.2,0
6,2016-01-03 02:57:26,347.3,54.9,212.0,56.7,1
3,2016-04-17 08:00:13,689.9,40.3,198.6,50.6,0
6,2016-01-01 11:07:59,351.5,55.7,313.0,73.1,1
6,2016-01-02 22:01:21,396.4,52.4,272.2,73.5,1
2,2016-02-21 03:19:35,694.6,41.9,131.4,46.4,0
6,2016-01-02 10:01:45,273.7,65.7,230.5,71.8,1
6,2016-01-01 09:46:37,217.9,61.5,212.5,65.1,1
4,2016-09-26 03:33:24,696.3,36.1,129.1,49.6,0
6,2016-01-01 13:49:24,364.5,48.8,257.0,61.5,1
2,2016-01-18 11:38:05,560.1,35.4,135.6,49.7,0
2,2016-12-09 20:14:03,507.1,41.7,166.1,47.9,0
6,2016-01-01 11:55:25,360.4,60.3,224.9,56.2,1
4,2016-08-31 01:55:35,679.8,44.3,151.5,45.2,0
6,2016-01-01 05:09:01,314.3,67.9,252.9,70.6,1
3,2016-08-21 02:01:13,573.4,36.2,186.0,46.5,0
6,2016-01-01 04:57:01,334.2,67.7,222.4,74.8,1
6,2016-01-03 12:05:31,356.3,70.6,219.1,66.3,1
4,2016-08-13 23:50:36,644.1,36.1,184.0,51.8,0
4,2016-07-09 12:13:29,510.7,42.5,192.9,51.7,0
4,2016-01-16 05:02:41,635.6,40.6,184.1,45.3,0
4,2016-11-17 23:55:28,547.1,41.5,169.3,47.0,0
4,2016-05-08 13:56:42,542.9,43.0,158.6,45.4,0
6,2016-01-01 12:20:24,269.8,47.4,302.1,59.8,1
6,2016-01-03 02:56:43,304.2,47.7,268.8,55.3,1
4,2016-08-14 23:47:16,617.5,41.6,101.4,48.2,0
4,2016-08-07 08:47:40,569.8,36.6,121.9,51.6,0
6,2016-01-01 02:36:53,295.2,66.1,293.1,70.9,1
6,2016-01-02 20:32:10,336.5,67.1,240.6,59.3,1
6,2016-01-01 23:18:29,379.9,59.8,314.0,57.2,1
3,2016-06-26 14:35:49,522.1,40.3,113.2,51.5,0
6,2016-01-03 17:36:51,222.5,51.7,230.0,62.6,1
6,2016-01-01 15:19:45,341.8,66.8,297.2,74.5,1
6,2016-01-03 22:51:50,346.9,55.6,226.9,62.2,1
3,2016-05-10 04:24:22,505.0,44.2,112.9,51.2,0
6,2016-01-01 14:07:41,302.5,69.5,278.9,65.3,1
6,2016-01-02 02:40:50,295.8,60.1,306.6,62.4,1
2,2016-07-09 05:24:34,589.0,43.9,175.3,45.6,0
6,2016-01-03 23:40:14,376.6,49.5,240.9,72.6,1
3,2016-05-11 08:41:14,675.6,45.0,121.5,51.4,0
3,2016-11-08 14:44:12,523.7,41.4,126.0,45.1,0
6,2016-01-02 16:29:32,269.9,61.8,295.9,74.2,1
6,2016-01-03 03:14:14,229.2,60.5,286.4,66.4,1
6,2016-01-03 02:31:51,216.4,54.8,258.2,74.0,1
6,2016-01-01 07:27:54,331.7,70.4,240.9,65.1,1
6,2016-01-03 00:26:52,386.4,66.9,277.6,74.1,1
2,2016-11-22 09:31:49,621.2,37.8,110.7,46.8,0
3,2016-04-04 05:03:25,563.6,40.9,186.4,50.6,0
6,2016-01-01 20:49:08,231.9,61.9,266.7,70.9,1
4,2016-02-12 20:06:16,524.1,38.2,108.1,45.2,0
6,2016-01-03 20:12:21,319.2,61.9,258.2,64.4,1
3,2016-12-08 07:19:36,548.4,44.8,128.9,49.5,0
6,2016-01-02 12:18:58,302.6,52.5,220.5,55.8,1
3,2016-05-16 07:47:03,627.7,38.4,105.9,50.6,0
6,2016-01-01 09:43:56,343.6,50.7,288.7,73.9,1
2,2016-07-18 12:15:22,532.6,35.4,142.8,48.5,0
2,2016-10-18 00:37:20,583.1,43.7,147.5,45.8,0
6,2016-01-02 12:50:07,371.3,48.8,223.9,69.0,1
6,2016-01-01 21:49:53,200.3,61.2,303.9,61.2,1
6,2016-01-03 08:22:25,363.6,63.0,297.4,65.4,1
4,2016-12-06 23:53:31,649.1,43.6,188.4,46.8,0
6,2016-01-02 03:53:01,359.3,67.8,300.1,66.8,1
6,2016-01-02 16:05:11,337.4,57.3,268.1,56.7,1
6,2016-01-02 02:42:43,248.4,55.9,267.3,67.8,1
6,2016-01-02 10:08:42,310.3,56.0,298.7,70.7,1
6,2016-01-02 22:10:54,372.1,67.6,318.1,56.2,1
2,2016-11-05 06:52:35,608.6,36.8,136.2,48.3,0
4,2016-04-15 10:44:11,669.8,37.9,189.3,50.8,0
4,2016-10-29 12:53:33,559.9,38.0,148.1,50.9,0
2,2016-01-26 11:48:54,533.5,36.8,174.6,51.7,0
6,2016-01-01 22:49:47,289.0,53.6,301.4,62.9,1
6,2016-01-02 14:11:22,395.6,62.9,231.8,69.7,1
4,2016-06-21 08:29:29,556.2,40.8,159.8,50.8,0
2,2016-12-29 13:20:41,695.7,44.7,133.7,48.7,0
4,2016-07-10 02:34:55,519.2,43.9,140.4,46.0,0
6,2016-01-02 17:11:02,387.9,69.3,290.2,62.2,1
6,2016-01-02 22:56:00,235.4,48.2,296.9,73.0,1
2,2016-01-17 12:23:17,546.2,44.1,125.4,46.2,0
6,2016-01-01 14:12:21,259.7,65.5,280.3,58.1,1
6,2016-01-02 07:42:25,232.1,59.0,313.4,60.3,1
4,2016-04-04 00:34:21,628.2,39.9,144.5,46.5,0
6,2016-01-03 11:52:14,348.8,68.3,277.5,63.2,1
6,2016-01-01 12:57:05,319.3,59.1,307.5,62.9,1
6,2016-01-01 16:42:53,282.1,67.6,256.1,59.3,1
6,2016-01-02 09:05:15,294.7,60.9,254.6,55.8,1
2,2016-01-19 11:42:21,610.7,43.6,158.9,46.3,0
6,2016-01-03 09:49:55,303.7,47.1,311.7,67.9,1
2,2016-09-13 04:02:14,675.7,36.9,156.0,50.2,0
6,2016-01-01 23:50:36,393.1,68.5,295.4,64.6,1
4,2016-02-18 17:59:39,502.8,45.0,191.0,46.8,0
6,2016-01-02 17:54:53,399.6,69.1,289.3,70.6,1
6,2016-01-03 11:34:41,260.2,69.1,278.9,64.4,1
6,2016-01-02 20:53:43,210.1,65.0,228.5,64.8,1
6,2016-01-02 14:16:02,256.3,65.5,221.4,57.2,1
6,2016-01-02 04:30:28,354.8,52.1,248.2,66.2,1
6,2016-01-03 23:34:02,325.6,59.3,229.5,73.5,1
4,2016-12-07 19:59:53,643.2,43.6,142.6,51.8,0
6,2016-01-03 03:21:18,248.7,64.9,298.3,60.0,1
2,2016-03-16 09:29:23,645.3,38.5,146.5,49.2,0
2,2016-06-23 17:01:56,538.6,41.3,175.1,45.5,0
2,2016-04-23 10:49:14,506.8,37.9,110.7,50.3,0
3,2016-02-17 01:29:36,562.3,41.6,135.2,49.6,0
6,2016-01-01 10:34:37,270.4,57.3,277.2,55.7,1
6,2016-01-01 23:06:38,389.7,53.1,249.7,69.1,1
6,2016-01-03 20:19:40,259.1,47.2,264.5,63.8,1
6,2016-01-03 19:55:43,202.6,63.3,291.0,72.1,1
2,2016-01-25 06:09:40,667.8,36.5,110.3,50.9,0
6,2016-01-02 23:28:06,333.5,54.7,260.1,65.9,1
6,2016-01-03 00:15:12,230.1,63.2,269.3,62.7,1
3,2016-09-15 19:54:46,622.4,41.0,120.1,51.1,0
6,2016-01-01 23:30:13,249.7,56.5,282.0,65.6,1
6,2016-01-01 10:05:36,375.0,67.2,278.7,72.1,1
6,2016-01-02 16:10:12,388.8,49.6,265.2,65.7,1
6,2016-01-02 15:22:24,305.8,55.2,304.8,58.3,1
4,2016-09-02 20:28:31,518.8,37.8,136.3,46.7,0
6,2016-01-03 23:23:55,389.2,69.5,287.9,70.5,1
2,2016-08-27 02:52:32,688.9,44.5,133.6,45.4,0
2,2016-03-24 15:16:05,500.8,44.5,189.2,45.3,0
2,2016-10-09 09:21:15,501.0,39.8,164.5,46.2,0
3,2016-09-20 16:19:29,623.0,39.3,114.0,46.8,0
6,2016-01-01 16:50:45,328.3,53.9,267.5,63.7,1
6,2016-01-01 05:26:21,217.8,56.5,240.9,60.7,1
6,2016-01-03 05:30:14,325.2,68.7,305.7,61.8,1
6,2016-01-01 13:33:25,245.8,53.6,279.3,73.5,1
6,2016-01-03 18:24:32,342.9,56.9,298.7,71.4,1
6,2016-01-03 05:10:34,376.7,58.4,302.3,59.2,1
6,2016-01-02 22:40:28,324.8,50.0,314.6,60.9,1
2,2016-12-08 00:42:25,591.2,35.3,173.8,51.4,0
6,2016-01-03 11:26:40,268.2,49.6,274.4,73.9,1
6,2016-01-03 19:20:35,263.6,53.4,224.2,61.7,1
3,2016-04-29 11:05:05,532.9,40.9,149.6,49.8,0
6,2016-01-03 19:31:39,263.9,65.0,299.9,56.7,1
6,2016-01-02 04:20:04,217.1,65.4,233.7,65.6,1
3,2016-12-01 17:47:26,541.9,40.2,102.1,51.3,0
6,2016-01-02 15:36:06,300.6,58.0,282.2,55.7,1
3,2016-08-07 11:56:51,700.0,39.7,111.3,45.2,0
4,2016-07-10 13:03:38,584.4,36.3,179.8,50.2,0
6,2016-01-03 17:16:42,357.5,64.2,307.1,65.4,1
6,2016-01-02 08:23:35,277.9,55.8,276.9,59.3,1
2,2016-02-15 01:11:37,622.2,36.5,106.6,50.4,0
2,2016-12-25 16:30:47,580.5,38.6,118.8,50.1,0
6,2016-01-02 23:39:54,205.1,62.7,262.1,67.5,1
6,2016-01-01 16:08:58,383.3,64.2,276.8,74.2,1
6,2016-01-01 10:28:14,385.3,56.8,260.2,58.5,1
6,2016-01-03 00:22:42,376.5,61.7,220.3,68.7,1
6,2016-01-02 19:55:36,302.6,49.8,242.3,72.1,1
6,2016-01-03 23:33:12,293.1,56.2,220.1,63.8,1
4,2016-12-28 03:00:25,551.6,35.4,170.2,47.9,0
6,2016-01-02 04:22:53,251.8,69.8,223.2,65.5,1
6,2016-01-03 13:21:40,260.7,53.7,253.4,59.3,1
4,2016-11-07 21:22:33,583.7,36.8,200.0,48.4,0
6,2016-01-02 19:10:12,236.4,49.6,228.9,62.0,1
2,2016-12-09 19:21:39,671.8,35.1,123.4,51.7,0
2,2016-06-26 03:32:04,671.1,43.6,138.7,49.1,0
3,2016-05-02 20:38:51,552.2,44.9,101.5,51.1,0
2,2016-08-10 01:43:55,542.7,42.5,155.9,51.6,0
3,2016-05-31 04:46:19,500.0,43.2,147.4,51.4,0
2,2016-03-04 09:40:04,631.5,43.1,177.8,48.4,0
3,2016-12-24 17:01:32,568.3,38.6,157.3,50.6,0
6,2016-01-01 05:31:22,384.5,48.3,237.1,73.1,1
6,2016-01-02 19:21:53,246.7,66.6,287.4,59.0,1
2,2016-07-12 04:53:06,570.0,36.4,179.2,49.1,0
4,2016-10-19 23:02:48,529.8,41.8,182.3,48.9,0
6,2016-01-02 06:49:04,341.7,66.3,316.8,57.3,1
6,2016-01-01 13:21:49,209.2,67.5,287.9,62.6,1
6,2016-01-01 20:14:12,218.3,58.6,264.5,60.0,1
6,2016-01-02 14:44:57,266.9,70.2,314.8,57.4,1
6,2016-01-01 02:08:35,209.9,47.4,263.7,56.5,1
6,2016-01-02 04:34:47,247.9,67.6,254.0,67.9,1
2,2016-05-05 19:11:23,587.6,37.0,142.4,50.3,0
6,2016-01-02 23:01:42,382.2,48.5,263.1,59.2,1
6,2016-01-03 19:11:28,307.9,52.5,284.6,74.5,1
6,2016-01-02 04:30:14,202.8,54.5,259.6,59.2,1
6,2016-01-01 14:15:06,383.5,55.3,239.4,69.3,1
2,2016-03-10 03:40:35,617.3,35.5,113.4,50.2,0
6,2016-01-03 06:25:27,271.0,66.4,282.8,62.4,1
6,2016-01-03 19:49:22,302.0,65.3,290.1,69.7,1
6,2016-01-01 05:08:31,374.0,54.1,275.6,70.1,1
6,2016-01-03 11:46:19,258.2,50.0,245.3,66.8,1
6,2016-01-03 16:55:54,380.5,56.1,234.7,64.1,1
2,2016-03-24 08:46:31,543.8,36.2,121.7,48.4,0
4,2016-01-04 22:59:27,571.4,35.8,132.5,51.0,0
2,2016-04-23 02:50:40,630.1,40.3,159.8,47.8,0
6,2016-01-02 18:07:49,285.4,52.7,247.4,58.0,1
6,2016-01-03 08:41:32,282.4,69.4,259.9,55.5,1
6,2016-01-03 13:54:56,238.2,47.4,309.5,62.2,1
3,2016-03-10 01:21:26,682.7,43.3,170.3,47.2,0
6,2016-01-03 04:09:19,327.8,64.1,257.1,66.0,1
4,2016-06-29 21:59:54,680.4,39.4,146.0,46.2,0
6,2016-01-01 16:16:13,211.1,47.9,249.9,68.7,1
6,2016-01-03 17:03:04,267.7,48.3,252.4,68.1,1
3,2016-03-23 06:33:22,604.7,38.7,109.5,51.3,0
3,2016-05-15 14:00:15,682.1,38.8,162.1,45.2,0
6,2016-01-01 12:13:34,333.1,47.6,250.7,74.1,1
6,2016-01-03 20:47:05,303.0,54.4,303.6,57.6,1
6,2016-01-01 17:21:09,232.7,69.4,266.2,61.9,1
2,2016-09-03 10:42:06,540.0,43.4,123.6,45.0,0
2,2016-11-19 19:53:27,573.0,37.3,177.5,47.9,0
6,2016-01-02 05:26:19,212.1,59.6,267.0,70.7,1
3,2016-06-24 12:38:14,682.3,35.7,122.3,51.9,0
3,2016-12-15 05:29:09,512.8,41.4,155.1,51.0,0
6,2016-01-02 17:39:13,277.9,53.3,211.0,56.9,1
6,2016-01-01 06:44:05,342.2,56.2,284.9,74.2,1
3,2016-03-29 09:49:45,657.6,40.7,185.3,45.8,0
6,2016-01-01 07:24:49,238.3,61.3,307.0,68.3,1
6,2016-01-03 07:22:05,265.0,69.3,246.9,56.5,1
2,2016-12-11 14:09:53,543.1,37.4,196.1,47.5,0
3,2016-11-13 06:53:39,547.5,44.1,185.3,46.4,0
4,2016-10-03 06:37:59,684.1,39.4,135.9,45.5,0
6,2016-01-01 14:49:30,251.0,60.9,302.7,55.9,1
2,2016-04-21 01:51:28,591.1,42.6,190.7,46.7,0
6,2016-01-01 08:34:19,339.7,52.9,262.9,65.4,1
3,2016-01-26 15:10:18,672.7,37.6,105.4,50.7,0
3,2016-12-22 01:37:26,636.6,43.5,137.3,47.5,0
6,2016-01-03 14:22:13,370.3,48.4,260.4,65.7,1
4,2016-02-29 23:22:53,695.2,38.2,130.4,48.6,0
6,2016-01-03 08:06:30,251.2,68.1,284.6,57.1,1
6,2016-01-01 03:19:07,330.6,68.8,236.0,73.2,1
2,2016-09-03 09:29:52,698.3,38.0,148.4,51.2,0
6,2016-01-01 07:42:17,390.5,55.0,286.8,62.4,1
6,2016-01-02 05:23:12,281.6,70.5,257.2,55.1,1
6,2016-01-03 05:49:11,324.8,59.7,287.1,68.5,1
3,2016-09-23 13:57:01,617.3,44.0,126.3,48.1,0
6,2016-01-02 00:10:43,280.7,63.3,247.9,60.9,1
6,2016-01-01 02:32:53,221.1,49.6,289.0,63.3,1
6,2016-01-03 09:37:08,394.1,66.6,233.1,64.5,1
6,2016-01-01 01:14:22,355.9,53.2,297.3,58.8,1
6,2016-01-03 02:23:51,217.1,52.7,245.4,64.8,1
2,2016-05-10 00:04:13,605.5,40.5,113.2,46.2,0
6,2016-01-03 08:19:30,245.9,47.9,212.8,65.2,1
6,2016-01-01 01:01:11,388.3,57.0,249.3,68.0,1
6,2016-01-03 02:58:18,239.2,56.5,236.9,74.1,1
2,2016-06-29 08:31:42,541.1,41.1,171.9,48.1,0
2,2016-01-08 18:23:16,634.7,41.1,186.7,49.8,0
3,2016-08-07 01:48:38,517.1,36.0,125.5,49.3,0
6,2016-01-03 13:22:20,203.2,62.1,257.1,56.3,1
6,2016-01-03 13:51:29,207.3,62.5,295.4,70.8,1
3,2016-03-17 22:35:09,674.0,41.0,106.2,47.9,0
3,2016-04-24 14:39:14,521.7,41.0,164.9,47.1,0
6,2016-01-01 16:15:22,318.9,55.7,224.2,57.6,1
3,2016-10-14 12:52:22,598.8,35.7,174.8,46.4,0
3,2016-09-24 23:40:43,661.5,39.5,106.1,51.6,0
2,2016-08-04 16:47:11,611.8,43.5,172.8,48.2,0
2,2016-03-07 11:44:47,507.7,44.9,167.9,46.5,0
6,2016-01-02 22:09:42,217.5,57.1,314.3,56.9,1
2,2016-11-05 16:20:59,543.2,43.1,152.7,46.3,0
6,2016-01-01 12:02:48,326.2,70.2,216.6,73.1,1
6,2016-01-02 10:37:54,248.9,48.3,245.4,72.3,1
6,2016-01-02 12:46:13,333.5,51.4,224.2,61.7,1
6,2016-01-02 01:39:38,272.3,67.4,211.5,72.7,1
4,2016-07-12 12:23:09,620.9,42.6,151.5,45.4,0
2,2016-01-15 16:38:21,569.8,41.9,182.8,49.9,0
6,2016-01-03 04:07:14,322.1,60.1,212.8,57.0,1
6,2016-01-02 22:42:48,340.2,52.7,232.7,62.2,1
3,2016-08-05 12:30:57,695.6,39.7,130.0,51.1,0
6,2016-01-01 22:28:44,373.0,53.5,229.8,60.5,1
4,2016-05-02 12:30:55,618.0,35.2,115.0,45.5,0
6,2016-01-01 03:59:35,218.3,54.2,222.7,60.4,1
4,2016-10-20 16:13:37,521.3,35.6,180.3,51.4,0
6,2016-01-02 02:52:00,276.6,55.7,227.9,72.9,1
3,2016-08-22 21:39:15,546.1,43.8,154.2,51.8,0
4,2016-03-03 03:53:47,615.6,41.4,114.8,50.5,0
4,2016-10-12 06:48:16,559.3,41.2,189.3,49.6,0
6,2016-01-02 12:48:52,383.1,66.1,303.7,62.2,1
4,2016-02-15 14:27:20,591.9,36.5,116.7,50.0,0
6,2016-01-02 01:25:45,277.3,50.7,303.4,73.4,1
2,2016-07-27 21:37:33,636.3,35.4,178.8,50.7,0
6,2016-01-02 04:03:47,332.8,51.5,233.8,66.2,1
6,2016-01-02 13:14:55,261.5,66.6,214.8,73.5,1
4,2016-03-26 05:37:30,509.6,36.4,140.6,50.4,0
6,2016-01-01 18:25:29,328.7,70.1,296.5,66.3,1
6,2016-01-03 21:14:38,273.6,58.4,225.6,59.1,1
2,2016-09-20 06:07:43,595.1,42.1,165.7,48.1,0
3,2016-09-23 18:30:28,665.6,40.9,184.1,51.1,0
6,2016-01-01 18:33:47,361.3,71.4,243.7,62.4,1
6,2016-01-03 23:46:25,388.2,55.0,232.0,69.7,1
4,2016-08-18 15:43:41,525.2,41.0,111.3,50.6,0
6,2016-01-01 08:18:19,315.4,58.1,314.6,57.6,1
4,2016-09-10 21:16:34,508.2,41.1,164.8,49.2,0
2,2016-08-31 21:26:19,580.5,37.0,107.7,49.9,0
6,2016-01-01 03:43:38,265.2,54.1,258.9,70.4,1
6,2016-01-02 20:25:51,220.6,49.8,226.0,59.5,1
6,2016-01-02 00:37:27,351.2,49.4,300.4,74.4,1
6,2016-01-02 12:23:37,312.3,64.5,303.9,55.2,1
6,2016-01-02 17:31:52,211.7,56.3,307.5,63.9,1
6,2016-01-01 20:07:55,391.6,51.9,240.6,73.6,1
6,2016-01-01 06:23:05,200.3,63.9,316.8,59.1,1
6,2016-01-03 08:30:56,371.5,57.1,292.4,60.0,1
6,2016-01-01 08:16:46,264.7,58.7,298.4,65.1,1
6,2016-01-01 02:35:43,323.8,53.9,308.1,70.1,1
6,2016-01-03 01:01:14,350.4,71.9,272.6,57.8,1
4,2016-06-20 23:46:45,655.7,37.5,140.7,51.3,0
3,2016-04-28 17:35:35,671.8,35.6,198.8,50.1,0
6,2016-01-03 07:50:48,269.7,49.4,299.9,55.5,1
6,2016-01-01 22:51:40,206.0,71.7,316.3,56.4,1
2,2016-08-18 11:56:31,581.5,37.1,170.6,45.4,0
2,2016-03-15 22:57:53,621.4,41.6,101.3,50.1,0
4,2016-07-27 06:32:56,608.8,36.6,107.7,48.0,0
6,2016-01-01 18:04:12,341.8,66.5,290.8,73.8,1
6,2016-01-01 06:53:09,305.5,52.2,246.0,65.4,1
6,2016-01-03 03:24:13,307.0,69.8,259.2,62.2,1
6,2016-01-01 18:03:40,273.2,50.9,285.2,62.0,1
6,2016-01-01 02:59:17,340.4,66.1,244.7,57.8,1
6,2016-01-01 07:14:12,247.3,59.5,212.4,57.6,1
6,2016-01-01 18:56:04,260.2,60.7,230.9,56.2,1
4,2016-09-30 16:04:39,591.1,39.6,162.2,45.5,0
2,2016-11-23 18:11:13,614.0,37.7,135.7,47.5,0
6,2016-01-01 09:15:23,214.8,68.4,279.6,73.8,1
4,2016-04-28 10:22:30,661.5,43.3,111.6,49.7,0
6,2016-01-01 19:36:29,253.6,61.8,280.9,59.9,1
